date,pm10,pm2_5,carbon_monoxide
2024-10-01 00:00:00+00:00,42.0,28.1,354.0
2024-10-01 01:00:00+00:00,36.6,24.1,386.0
2024-10-01 02:00:00+00:00,37.5,24.8,431.0
2024-10-01 03:00:00+00:00,40.6,27.1,482.0
2024-10-01 04:00:00+00:00,44.1,29.6,540.0
2024-10-01 05:00:00+00:00,47.4,32.0,602.0
2024-10-01 06:00:00+00:00,51.1,34.9,655.0
2024-10-01 07:00:00+00:00,55.6,38.2,697.0
2024-10-01 08:00:00+00:00,61.7,42.4,730.0
2024-10-01 09:00:00+00:00,63.6,43.7,742.0
2024-10-01 10:00:00+00:00,62.6,43.0,717.0
2024-10-01 11:00:00+00:00,60.3,41.2,672.0
2024-10-01 12:00:00+00:00,42.3,28.3,510.0
2024-10-01 13:00:00+00:00,41.0,27.5,559.0
2024-10-01 14:00:00+00:00,43.1,29.0,623.0
2024-10-01 15:00:00+00:00,49.7,33.6,639.0
2024-10-01 16:00:00+00:00,45.9,30.4,564.0
2024-10-01 17:00:00+00:00,37.3,23.7,442.0
2024-10-01 18:00:00+00:00,33.1,20.5,337.0
2024-10-01 19:00:00+00:00,28.5,17.3,271.0
2024-10-01 20:00:00+00:00,24.0,14.2,223.0
2024-10-01 21:00:00+00:00,21.9,12.8,193.0
2024-10-01 22:00:00+00:00,21.2,12.5,183.0
2024-10-01 23:00:00+00:00,20.5,12.2,191.0
2024-10-02 00:00:00+00:00,22.6,12.8,189.0
2024-10-02 01:00:00+00:00,25.8,15.3,237.0
2024-10-02 02:00:00+00:00,30.9,19.0,303.0
2024-10-02 03:00:00+00:00,36.2,23.0,354.0
2024-10-02 04:00:00+00:00,37.5,24.0,369.0
2024-10-02 05:00:00+00:00,36.8,23.6,368.0
2024-10-02 06:00:00+00:00,41.4,26.7,378.0
2024-10-02 07:00:00+00:00,45.3,29.2,416.0
2024-10-02 08:00:00+00:00,46.2,30.0,465.0
2024-10-02 09:00:00+00:00,44.9,29.4,503.0
2024-10-02 10:00:00+00:00,43.3,28.5,514.0
2024-10-02 11:00:00+00:00,41.4,27.5,515.0
2024-10-02 12:00:00+00:00,38.2,25.2,516.0
2024-10-02 13:00:00+00:00,35.0,23.4,566.0
2024-10-02 14:00:00+00:00,33.4,22.6,632.0
2024-10-02 15:00:00+00:00,37.3,25.7,661.0
2024-10-02 16:00:00+00:00,43.3,29.5,620.0
2024-10-02 17:00:00+00:00,48.1,31.7,542.0
2024-10-02 18:00:00+00:00,48.4,31.2,466.0
2024-10-02 19:00:00+00:00,46.6,29.5,404.0
2024-10-02 20:00:00+00:00,43.0,26.5,344.0
2024-10-02 21:00:00+00:00,37.4,22.5,298.0
2024-10-02 22:00:00+00:00,31.5,18.6,261.0
2024-10-02 23:00:00+00:00,26.7,15.7,236.0
2024-10-03 00:00:00+00:00,33.4,18.9,245.0
2024-10-03 01:00:00+00:00,30.9,17.9,306.0
2024-10-03 02:00:00+00:00,33.5,20.5,394.0
2024-10-03 03:00:00+00:00,38.5,24.7,479.0
2024-10-03 04:00:00+00:00,43.9,28.8,558.0
2024-10-03 05:00:00+00:00,49.4,32.7,634.0
2024-10-03 06:00:00+00:00,51.7,34.6,691.0
2024-10-03 07:00:00+00:00,53.1,36.0,722.0
2024-10-03 08:00:00+00:00,55.5,37.7,734.0
2024-10-03 09:00:00+00:00,56.9,38.9,732.0
2024-10-03 10:00:00+00:00,57.3,39.1,709.0
2024-10-03 11:00:00+00:00,56.3,38.3,673.0
2024-10-03 12:00:00+00:00,42.1,28.2,496.0
2024-10-03 13:00:00+00:00,41.3,27.5,542.0
2024-10-03 14:00:00+00:00,42.0,28.1,602.0
2024-10-03 15:00:00+00:00,46.1,31.2,629.0
2024-10-03 16:00:00+00:00,52.0,35.0,594.0
2024-10-03 17:00:00+00:00,52.6,34.2,525.0
2024-10-03 18:00:00+00:00,54.4,34.8,462.0
2024-10-03 19:00:00+00:00,54.6,34.6,417.0
2024-10-03 20:00:00+00:00,53.7,33.5,378.0
2024-10-03 21:00:00+00:00,52.2,32.4,344.0
2024-10-03 22:00:00+00:00,49.2,30.4,306.0
2024-10-03 23:00:00+00:00,46.1,28.3,273.0
2024-10-04 00:00:00+00:00,53.6,33.6,284.0
2024-10-04 01:00:00+00:00,49.2,31.2,317.0
2024-10-04 02:00:00+00:00,48.3,31.4,364.0
2024-10-04 03:00:00+00:00,48.3,32.0,421.0
2024-10-04 04:00:00+00:00,52.9,35.4,491.0
2024-10-04 05:00:00+00:00,58.7,39.7,569.0
2024-10-04 06:00:00+00:00,63.1,43.0,636.0
2024-10-04 07:00:00+00:00,65.4,44.7,684.0
2024-10-04 08:00:00+00:00,66.8,45.8,720.0
2024-10-04 09:00:00+00:00,70.5,48.3,745.0
2024-10-04 10:00:00+00:00,73.8,50.5,752.0
2024-10-04 11:00:00+00:00,73.1,49.9,747.0
2024-10-04 12:00:00+00:00,45.9,31.2,562.0
2024-10-04 13:00:00+00:00,44.0,29.8,610.0
2024-10-04 14:00:00+00:00,43.4,29.3,674.0
2024-10-04 15:00:00+00:00,51.1,34.8,700.0
2024-10-04 16:00:00+00:00,50.2,33.6,655.0
2024-10-04 17:00:00+00:00,49.9,33.1,572.0
2024-10-04 18:00:00+00:00,48.8,32.0,503.0
2024-10-04 19:00:00+00:00,48.8,31.8,468.0
2024-10-04 20:00:00+00:00,50.6,32.9,446.0
2024-10-04 21:00:00+00:00,52.9,34.2,427.0
2024-10-04 22:00:00+00:00,52.9,34.1,401.0
2024-10-04 23:00:00+00:00,51.0,32.8,377.0
2024-10-05 00:00:00+00:00,43.7,27.7,341.0
2024-10-05 01:00:00+00:00,42.0,26.4,356.0
2024-10-05 02:00:00+00:00,41.6,26.4,378.0
2024-10-05 03:00:00+00:00,41.0,26.3,412.0
2024-10-05 04:00:00+00:00,44.2,28.8,460.0
2024-10-05 05:00:00+00:00,48.2,32.2,520.0
2024-10-05 06:00:00+00:00,54.0,36.4,581.0
2024-10-05 07:00:00+00:00,63.1,42.7,649.0
2024-10-05 08:00:00+00:00,70.3,48.0,720.0
2024-10-05 09:00:00+00:00,74.5,51.2,769.0
2024-10-05 10:00:00+00:00,76.1,52.5,784.0
2024-10-05 11:00:00+00:00,78.2,54.0,778.0
2024-10-05 12:00:00+00:00,27.5,18.0,241.0
2024-10-05 13:00:00+00:00,26.7,17.2,305.0
2024-10-05 14:00:00+00:00,28.0,18.1,391.0
2024-10-05 15:00:00+00:00,36.6,24.2,434.0
2024-10-05 16:00:00+00:00,38.4,25.0,395.0
2024-10-05 17:00:00+00:00,38.3,24.0,313.0
2024-10-05 18:00:00+00:00,36.6,22.5,246.0
2024-10-05 19:00:00+00:00,35.2,21.4,215.0
2024-10-05 20:00:00+00:00,34.6,21.0,199.0
2024-10-05 21:00:00+00:00,34.7,21.1,194.0
2024-10-05 22:00:00+00:00,35.4,21.7,197.0
2024-10-05 23:00:00+00:00,36.7,22.5,211.0
2024-10-06 00:00:00+00:00,40.6,24.5,232.0
2024-10-06 01:00:00+00:00,41.1,25.3,285.0
2024-10-06 02:00:00+00:00,45.6,28.6,363.0
2024-10-06 03:00:00+00:00,53.0,34.1,453.0
2024-10-06 04:00:00+00:00,61.9,40.7,569.0
2024-10-06 05:00:00+00:00,69.8,46.6,697.0
2024-10-06 06:00:00+00:00,75.9,51.0,778.0
2024-10-06 07:00:00+00:00,77.5,52.3,782.0
2024-10-06 08:00:00+00:00,73.6,49.2,739.0
2024-10-06 09:00:00+00:00,65.7,43.7,681.0
2024-10-06 10:00:00+00:00,56.9,37.3,600.0
2024-10-06 11:00:00+00:00,49.2,31.8,504.0
2024-10-06 12:00:00+00:00,40.5,26.2,405.0
2024-10-06 13:00:00+00:00,41.8,27.3,466.0
2024-10-06 14:00:00+00:00,44.0,29.0,549.0
2024-10-06 15:00:00+00:00,48.7,32.6,593.0
2024-10-06 16:00:00+00:00,51.5,34.3,567.0
2024-10-06 17:00:00+00:00,53.9,35.4,504.0
2024-10-06 18:00:00+00:00,53.7,34.6,438.0
2024-10-06 19:00:00+00:00,50.9,31.7,378.0
2024-10-06 20:00:00+00:00,47.3,28.8,315.0
2024-10-06 21:00:00+00:00,41.6,24.8,263.0
2024-10-06 22:00:00+00:00,34.0,19.7,216.0
2024-10-06 23:00:00+00:00,27.4,15.4,179.0
2024-10-07 00:00:00+00:00,36.2,20.3,201.0
2024-10-07 01:00:00+00:00,32.7,18.6,248.0
2024-10-07 02:00:00+00:00,34.6,20.5,318.0
2024-10-07 03:00:00+00:00,38.8,24.0,400.0
2024-10-07 04:00:00+00:00,48.0,31.0,505.0
2024-10-07 05:00:00+00:00,54.5,35.6,622.0
2024-10-07 06:00:00+00:00,58.0,38.0,715.0
2024-10-07 07:00:00+00:00,60.3,39.7,768.0
2024-10-07 08:00:00+00:00,62.9,41.7,797.0
2024-10-07 09:00:00+00:00,64.0,42.8,808.0
2024-10-07 10:00:00+00:00,62.9,42.5,793.0
2024-10-07 11:00:00+00:00,60.5,41.0,760.0
2024-10-07 12:00:00+00:00,51.5,34.7,633.0
2024-10-07 13:00:00+00:00,49.1,33.4,665.0
2024-10-07 14:00:00+00:00,48.2,33.1,707.0
2024-10-07 15:00:00+00:00,51.8,35.7,724.0
2024-10-07 16:00:00+00:00,59.1,41.0,700.0
2024-10-07 17:00:00+00:00,60.5,41.4,651.0
2024-10-07 18:00:00+00:00,63.3,42.6,596.0
2024-10-07 19:00:00+00:00,63.1,41.8,535.0
2024-10-07 20:00:00+00:00,60.8,39.8,467.0
2024-10-07 21:00:00+00:00,56.6,36.4,405.0
2024-10-07 22:00:00+00:00,50.1,31.7,343.0
2024-10-07 23:00:00+00:00,43.5,27.1,288.0
2024-10-08 00:00:00+00:00,43.1,26.8,281.0
2024-10-08 01:00:00+00:00,33.6,20.6,302.0
2024-10-08 02:00:00+00:00,32.7,20.3,334.0
2024-10-08 03:00:00+00:00,36.6,23.2,385.0
2024-10-08 04:00:00+00:00,44.4,29.0,476.0
2024-10-08 05:00:00+00:00,52.9,34.9,586.0
2024-10-08 06:00:00+00:00,58.6,38.9,658.0
2024-10-08 07:00:00+00:00,62.2,41.3,661.0
2024-10-08 08:00:00+00:00,62.4,41.4,627.0
2024-10-08 09:00:00+00:00,59.6,39.5,592.0
2024-10-08 10:00:00+00:00,57.3,37.6,556.0
2024-10-08 11:00:00+00:00,55.9,36.7,518.0
2024-10-08 12:00:00+00:00,59.0,39.3,577.0
2024-10-08 13:00:00+00:00,59.1,39.5,639.0
2024-10-08 14:00:00+00:00,61.0,40.9,723.0
2024-10-08 15:00:00+00:00,70.3,47.6,768.0
2024-10-08 16:00:00+00:00,81.5,55.4,741.0
2024-10-08 17:00:00+00:00,78.2,51.9,676.0
2024-10-08 18:00:00+00:00,78.0,51.6,613.0
2024-10-08 19:00:00+00:00,77.5,51.1,565.0
2024-10-08 20:00:00+00:00,76.8,50.6,518.0
2024-10-08 21:00:00+00:00,73.1,48.1,474.0
2024-10-08 22:00:00+00:00,68.2,44.6,425.0
2024-10-08 23:00:00+00:00,61.9,40.3,379.0
2024-10-09 00:00:00+00:00,32.6,20.5,257.0
2024-10-09 01:00:00+00:00,29.7,18.6,291.0
2024-10-09 02:00:00+00:00,30.5,19.5,342.0
2024-10-09 03:00:00+00:00,35.6,23.3,410.0
2024-10-09 04:00:00+00:00,45.5,30.4,507.0
2024-10-09 05:00:00+00:00,57.6,38.8,621.0
2024-10-09 06:00:00+00:00,74.7,50.9,720.0
2024-10-09 07:00:00+00:00,89.4,61.0,800.0
2024-10-09 08:00:00+00:00,96.6,66.1,864.0
2024-10-09 09:00:00+00:00,97.3,66.8,898.0
2024-10-09 10:00:00+00:00,94.5,65.0,878.0
2024-10-09 11:00:00+00:00,89.9,61.9,826.0
2024-10-09 12:00:00+00:00,85.9,59.0,878.0
2024-10-09 13:00:00+00:00,83.4,57.2,915.0
2024-10-09 14:00:00+00:00,83.4,57.3,964.0
2024-10-09 15:00:00+00:00,91.3,62.9,979.0
2024-10-09 16:00:00+00:00,96.9,66.6,934.0
2024-10-09 17:00:00+00:00,95.0,65.0,854.0
2024-10-09 18:00:00+00:00,96.2,65.7,775.0
2024-10-09 19:00:00+00:00,94.3,64.3,705.0
2024-10-09 20:00:00+00:00,90.1,61.0,635.0
2024-10-09 21:00:00+00:00,83.1,56.0,572.0
2024-10-09 22:00:00+00:00,75.0,50.4,507.0
2024-10-09 23:00:00+00:00,68.7,45.9,449.0
2024-10-10 00:00:00+00:00,61.0,40.9,393.0
2024-10-10 01:00:00+00:00,59.6,39.9,434.0
2024-10-10 02:00:00+00:00,61.5,41.4,496.0
2024-10-10 03:00:00+00:00,67.8,46.0,578.0
2024-10-10 04:00:00+00:00,78.2,53.4,696.0
2024-10-10 05:00:00+00:00,89.4,61.2,834.0
2024-10-10 06:00:00+00:00,102.4,70.3,941.0
2024-10-10 07:00:00+00:00,111.1,76.4,998.0
2024-10-10 08:00:00+00:00,113.2,78.0,1024.0
2024-10-10 09:00:00+00:00,111.5,77.1,1032.0
2024-10-10 10:00:00+00:00,109.0,75.2,1015.0
2024-10-10 11:00:00+00:00,105.0,72.6,980.0
2024-10-10 12:00:00+00:00,76.6,53.1,771.0
2024-10-10 13:00:00+00:00,74.7,51.7,825.0
2024-10-10 14:00:00+00:00,75.9,52.5,896.0
2024-10-10 15:00:00+00:00,84.3,58.3,923.0
2024-10-10 16:00:00+00:00,84.1,58.0,868.0
2024-10-10 17:00:00+00:00,81.3,55.4,769.0
2024-10-10 18:00:00+00:00,83.1,56.7,680.0
2024-10-10 19:00:00+00:00,83.1,56.6,620.0
2024-10-10 20:00:00+00:00,80.3,54.5,571.0
2024-10-10 21:00:00+00:00,75.9,51.3,526.0
2024-10-10 22:00:00+00:00,71.2,48.0,477.0
2024-10-10 23:00:00+00:00,67.3,45.3,434.0
2024-10-11 00:00:00+00:00,59.6,40.9,449.0
2024-10-11 01:00:00+00:00,50.8,34.6,443.0
2024-10-11 02:00:00+00:00,47.3,32.1,437.0
2024-10-11 03:00:00+00:00,48.5,33.1,454.0
2024-10-11 04:00:00+00:00,53.8,36.7,513.0
2024-10-11 05:00:00+00:00,62.4,42.8,595.0
2024-10-11 06:00:00+00:00,70.1,48.2,659.0
2024-10-11 07:00:00+00:00,75.4,52.0,692.0
2024-10-11 08:00:00+00:00,77.5,53.6,707.0
2024-10-11 09:00:00+00:00,76.1,52.6,706.0
2024-10-11 10:00:00+00:00,71.9,49.8,673.0
2024-10-11 11:00:00+00:00,67.1,46.3,624.0
2024-10-11 12:00:00+00:00,87.8,61.0,866.0
2024-10-11 13:00:00+00:00,78.9,54.8,896.0
2024-10-11 14:00:00+00:00,73.1,50.8,932.0
2024-10-11 15:00:00+00:00,75.2,52.3,931.0
2024-10-11 16:00:00+00:00,82.7,57.5,858.0
2024-10-11 17:00:00+00:00,75.9,52.4,747.0
2024-10-11 18:00:00+00:00,75.4,51.8,651.0
2024-10-11 19:00:00+00:00,77.1,53.1,596.0
2024-10-11 20:00:00+00:00,78.7,54.1,556.0
2024-10-11 21:00:00+00:00,78.0,53.8,514.0
2024-10-11 22:00:00+00:00,72.9,50.2,450.0
2024-10-11 23:00:00+00:00,62.6,42.8,383.0
2024-10-12 00:00:00+00:00,66.4,45.4,417.0
2024-10-12 01:00:00+00:00,58.7,39.6,439.0
2024-10-12 02:00:00+00:00,55.8,37.5,471.0
2024-10-12 03:00:00+00:00,55.9,37.6,510.0
2024-10-12 04:00:00+00:00,59.5,40.3,564.0
2024-10-12 05:00:00+00:00,62.2,42.3,625.0
2024-10-12 06:00:00+00:00,64.7,44.2,667.0
2024-10-12 07:00:00+00:00,68.0,46.6,679.0
2024-10-12 08:00:00+00:00,70.8,48.5,673.0
2024-10-12 09:00:00+00:00,68.7,47.1,654.0
2024-10-12 10:00:00+00:00,63.8,43.8,611.0
2024-10-12 11:00:00+00:00,58.6,40.0,556.0
2024-10-12 12:00:00+00:00,81.0,55.9,770.0
2024-10-12 13:00:00+00:00,76.4,52.9,795.0
2024-10-12 14:00:00+00:00,74.0,51.2,828.0
2024-10-12 15:00:00+00:00,79.9,55.3,837.0
2024-10-12 16:00:00+00:00,85.4,59.3,801.0
2024-10-12 17:00:00+00:00,82.9,57.3,741.0
2024-10-12 18:00:00+00:00,88.5,61.2,685.0
2024-10-12 19:00:00+00:00,90.8,62.9,645.0
2024-10-12 20:00:00+00:00,89.4,61.7,609.0
2024-10-12 21:00:00+00:00,84.5,58.0,565.0
2024-10-12 22:00:00+00:00,76.6,52.0,495.0
2024-10-12 23:00:00+00:00,66.4,44.6,418.0
2024-10-13 00:00:00+00:00,43.4,30.0,383.0
2024-10-13 01:00:00+00:00,37.8,26.1,415.0
2024-10-13 02:00:00+00:00,39.9,27.7,463.0
2024-10-13 03:00:00+00:00,45.8,31.8,536.0
2024-10-13 04:00:00+00:00,55.5,38.6,654.0
2024-10-13 05:00:00+00:00,69.2,48.1,796.0
2024-10-13 06:00:00+00:00,85.9,59.8,907.0
2024-10-13 07:00:00+00:00,98.0,68.2,965.0
2024-10-13 08:00:00+00:00,100.8,70.1,992.0
2024-10-13 09:00:00+00:00,99.0,68.9,994.0
2024-10-13 10:00:00+00:00,95.0,66.1,960.0
2024-10-13 11:00:00+00:00,88.9,61.9,902.0
2024-10-13 12:00:00+00:00,80.6,56.0,900.0
2024-10-13 13:00:00+00:00,73.3,51.0,899.0
2024-10-13 14:00:00+00:00,68.5,47.5,893.0
2024-10-13 15:00:00+00:00,71.7,49.9,864.0
2024-10-13 16:00:00+00:00,78.2,54.0,791.0
2024-10-13 17:00:00+00:00,76.4,52.5,694.0
2024-10-13 18:00:00+00:00,72.6,49.8,612.0
2024-10-13 19:00:00+00:00,69.2,47.5,560.0
2024-10-13 20:00:00+00:00,67.1,46.0,524.0
2024-10-13 21:00:00+00:00,66.6,45.8,499.0
2024-10-13 22:00:00+00:00,67.1,46.2,486.0
2024-10-13 23:00:00+00:00,68.9,47.4,484.0
2024-10-14 00:00:00+00:00,48.8,33.2,395.0
2024-10-14 01:00:00+00:00,45.9,30.9,394.0
2024-10-14 02:00:00+00:00,44.4,29.7,395.0
2024-10-14 03:00:00+00:00,43.9,29.5,408.0
2024-10-14 04:00:00+00:00,44.8,30.4,449.0
2024-10-14 05:00:00+00:00,49.5,33.9,503.0
2024-10-14 06:00:00+00:00,53.3,36.8,532.0
2024-10-14 07:00:00+00:00,48.1,33.1,514.0
2024-10-14 08:00:00+00:00,46.2,31.9,472.0
2024-10-14 09:00:00+00:00,47.1,32.6,440.0
2024-10-14 10:00:00+00:00,47.6,32.9,426.0
2024-10-14 11:00:00+00:00,47.3,32.8,422.0
2024-10-14 12:00:00+00:00,53.8,37.4,522.0
2024-10-14 13:00:00+00:00,55.4,38.5,587.0
2024-10-14 14:00:00+00:00,59.4,41.2,671.0
2024-10-14 15:00:00+00:00,65.7,45.6,705.0
2024-10-14 16:00:00+00:00,58.9,40.6,639.0
2024-10-14 17:00:00+00:00,56.3,38.5,521.0
2024-10-14 18:00:00+00:00,54.4,37.0,426.0
2024-10-14 19:00:00+00:00,53.0,36.1,387.0
2024-10-14 20:00:00+00:00,53.4,36.4,370.0
2024-10-14 21:00:00+00:00,51.8,35.2,355.0
2024-10-14 22:00:00+00:00,48.9,33.2,331.0
2024-10-14 23:00:00+00:00,46.0,31.1,308.0
2024-10-15 00:00:00+00:00,29.3,19.4,287.0
2024-10-15 01:00:00+00:00,30.0,20.0,293.0
2024-10-15 02:00:00+00:00,32.1,21.4,301.0
2024-10-15 03:00:00+00:00,34.2,22.7,309.0
2024-10-15 04:00:00+00:00,36.0,23.9,316.0
2024-10-15 05:00:00+00:00,37.6,25.1,324.0
2024-10-15 06:00:00+00:00,39.0,26.1,329.0
2024-10-15 07:00:00+00:00,39.9,26.9,331.0
2024-10-15 08:00:00+00:00,40.7,27.5,331.0
2024-10-15 09:00:00+00:00,41.1,27.6,331.0
2024-10-15 10:00:00+00:00,41.4,27.9,327.0
2024-10-15 11:00:00+00:00,42.1,28.4,323.0
2024-10-15 12:00:00+00:00,31.5,20.5,242.0
2024-10-15 13:00:00+00:00,30.5,19.6,251.0
2024-10-15 14:00:00+00:00,29.7,19.2,264.0
2024-10-15 15:00:00+00:00,31.1,20.1,273.0
2024-10-15 16:00:00+00:00,31.0,19.9,275.0
2024-10-15 17:00:00+00:00,32.2,20.7,273.0
2024-10-15 18:00:00+00:00,32.5,21.1,270.0
2024-10-15 19:00:00+00:00,32.4,21.2,266.0
2024-10-15 20:00:00+00:00,31.4,20.7,262.0
2024-10-15 21:00:00+00:00,30.6,20.3,257.0
2024-10-15 22:00:00+00:00,29.2,19.4,251.0
2024-10-15 23:00:00+00:00,27.4,18.0,246.0
2024-10-16 00:00:00+00:00,39.5,24.9,220.0
2024-10-16 01:00:00+00:00,39.3,24.9,231.0
2024-10-16 02:00:00+00:00,40.3,25.6,247.0
2024-10-16 03:00:00+00:00,40.9,26.0,260.0
2024-10-16 04:00:00+00:00,41.4,26.5,267.0
2024-10-16 05:00:00+00:00,42.5,27.3,271.0
2024-10-16 06:00:00+00:00,43.2,27.8,274.0
2024-10-16 07:00:00+00:00,43.4,28.1,277.0
2024-10-16 08:00:00+00:00,44.0,28.5,278.0
2024-10-16 09:00:00+00:00,45.1,29.3,278.0
2024-10-16 10:00:00+00:00,44.8,29.2,275.0
2024-10-16 11:00:00+00:00,44.4,29.1,271.0
2024-10-16 12:00:00+00:00,22.4,14.6,216.0
2024-10-16 13:00:00+00:00,21.8,14.1,219.0
2024-10-16 14:00:00+00:00,21.4,13.8,224.0
2024-10-16 15:00:00+00:00,21.9,14.1,228.0
2024-10-16 16:00:00+00:00,22.9,14.7,232.0
2024-10-16 17:00:00+00:00,23.8,15.2,235.0
2024-10-16 18:00:00+00:00,25.1,15.9,235.0
2024-10-16 19:00:00+00:00,25.9,16.4,229.0
2024-10-16 20:00:00+00:00,25.4,16.2,219.0
2024-10-16 21:00:00+00:00,25.2,16.2,212.0
2024-10-16 22:00:00+00:00,25.4,16.4,210.0
2024-10-16 23:00:00+00:00,25.4,16.3,210.0
2024-10-17 00:00:00+00:00,20.8,13.1,201.0
2024-10-17 01:00:00+00:00,22.1,14.1,206.0
2024-10-17 02:00:00+00:00,23.2,14.9,214.0
2024-10-17 03:00:00+00:00,23.6,15.2,221.0
2024-10-17 04:00:00+00:00,24.5,15.8,226.0
2024-10-17 05:00:00+00:00,25.7,16.6,231.0
2024-10-17 06:00:00+00:00,26.8,17.5,233.0
2024-10-17 07:00:00+00:00,27.4,17.9,233.0
2024-10-17 08:00:00+00:00,27.6,18.1,231.0
2024-10-17 09:00:00+00:00,27.9,18.2,228.0
2024-10-17 10:00:00+00:00,28.1,18.3,224.0
2024-10-17 11:00:00+00:00,28.2,18.4,220.0
2024-10-17 12:00:00+00:00,24.9,15.9,199.0
2024-10-17 13:00:00+00:00,25.1,15.9,203.0
2024-10-17 14:00:00+00:00,24.4,15.5,209.0
2024-10-17 15:00:00+00:00,24.7,15.7,214.0
2024-10-17 16:00:00+00:00,25.3,16.1,217.0
2024-10-17 17:00:00+00:00,25.0,15.9,220.0
2024-10-17 18:00:00+00:00,24.6,15.7,220.0
2024-10-17 19:00:00+00:00,23.6,14.9,216.0
2024-10-17 20:00:00+00:00,25.5,15.9,210.0
2024-10-17 21:00:00+00:00,26.4,16.2,204.0
2024-10-17 22:00:00+00:00,27.9,16.9,198.0
2024-10-17 23:00:00+00:00,24.0,14.2,191.0
2024-10-18 00:00:00+00:00,25.9,14.1,179.0
2024-10-18 01:00:00+00:00,25.2,13.4,182.0
2024-10-18 02:00:00+00:00,23.5,12.7,188.0
2024-10-18 03:00:00+00:00,23.8,13.1,196.0
2024-10-18 04:00:00+00:00,24.7,13.6,210.0
2024-10-18 05:00:00+00:00,26.7,15.3,227.0
2024-10-18 06:00:00+00:00,28.2,16.4,238.0
2024-10-18 07:00:00+00:00,28.8,16.8,240.0
2024-10-18 08:00:00+00:00,28.8,16.8,236.0
2024-10-18 09:00:00+00:00,27.6,16.7,232.0
2024-10-18 10:00:00+00:00,25.8,16.1,224.0
2024-10-18 11:00:00+00:00,23.5,15.1,216.0
2024-10-18 12:00:00+00:00,26.3,16.6,249.0
2024-10-18 13:00:00+00:00,26.3,16.8,310.0
2024-10-18 14:00:00+00:00,27.1,17.6,390.0
2024-10-18 15:00:00+00:00,31.2,20.7,424.0
2024-10-18 16:00:00+00:00,29.0,18.6,367.0
2024-10-18 17:00:00+00:00,19.0,11.5,264.0
2024-10-18 18:00:00+00:00,12.9,7.8,184.0
2024-10-18 19:00:00+00:00,9.9,6.0,157.0
2024-10-18 20:00:00+00:00,7.5,4.5,153.0
2024-10-18 21:00:00+00:00,5.8,3.5,154.0
2024-10-18 22:00:00+00:00,4.5,2.8,150.0
2024-10-18 23:00:00+00:00,4.0,2.5,151.0
2024-10-19 00:00:00+00:00,11.4,6.8,196.0
2024-10-19 01:00:00+00:00,10.0,6.1,230.0
2024-10-19 02:00:00+00:00,11.6,7.5,279.0
2024-10-19 03:00:00+00:00,13.5,8.9,328.0
2024-10-19 04:00:00+00:00,15.4,10.3,379.0
2024-10-19 05:00:00+00:00,17.9,12.1,430.0
2024-10-19 06:00:00+00:00,20.4,13.9,465.0
2024-10-19 07:00:00+00:00,23.2,15.9,482.0
2024-10-19 08:00:00+00:00,23.2,15.9,482.0
2024-10-19 09:00:00+00:00,19.8,13.5,458.0
2024-10-19 10:00:00+00:00,14.7,10.0,388.0
2024-10-19 11:00:00+00:00,10.6,7.2,293.0
2024-10-19 12:00:00+00:00,7.9,5.3,246.0
2024-10-19 13:00:00+00:00,6.5,4.4,258.0
2024-10-19 14:00:00+00:00,7.2,4.8,274.0
2024-10-19 15:00:00+00:00,10.7,7.3,277.0
2024-10-19 16:00:00+00:00,13.5,9.3,256.0
2024-10-19 17:00:00+00:00,13.0,8.9,222.0
2024-10-19 18:00:00+00:00,9.4,6.5,197.0
2024-10-19 19:00:00+00:00,11.1,7.5,191.0
2024-10-19 20:00:00+00:00,13.4,9.0,195.0
2024-10-19 21:00:00+00:00,14.3,9.5,199.0
2024-10-19 22:00:00+00:00,15.0,9.8,197.0
2024-10-19 23:00:00+00:00,14.9,9.6,195.0
2024-10-20 00:00:00+00:00,9.8,6.2,228.0
2024-10-20 01:00:00+00:00,11.1,7.3,255.0
2024-10-20 02:00:00+00:00,16.6,11.1,294.0
2024-10-20 03:00:00+00:00,16.3,11.0,338.0
2024-10-20 04:00:00+00:00,19.3,13.2,388.0
2024-10-20 05:00:00+00:00,24.4,16.8,443.0
2024-10-20 06:00:00+00:00,29.6,20.4,493.0
2024-10-20 07:00:00+00:00,35.4,24.5,543.0
2024-10-20 08:00:00+00:00,36.4,25.1,588.0
2024-10-20 09:00:00+00:00,34.3,23.7,609.0
2024-10-20 10:00:00+00:00,30.7,21.2,582.0
2024-10-20 11:00:00+00:00,26.0,18.0,529.0
2024-10-20 12:00:00+00:00,20.6,14.3,515.0
2024-10-20 13:00:00+00:00,16.9,11.8,551.0
2024-10-20 14:00:00+00:00,16.2,11.4,596.0
2024-10-20 15:00:00+00:00,21.6,15.1,604.0
2024-10-20 16:00:00+00:00,30.0,21.0,539.0
2024-10-20 17:00:00+00:00,23.7,16.4,437.0
2024-10-20 18:00:00+00:00,29.8,20.5,353.0
2024-10-20 19:00:00+00:00,27.0,18.6,311.0
2024-10-20 20:00:00+00:00,23.9,16.5,288.0
2024-10-20 21:00:00+00:00,21.5,14.8,272.0
2024-10-20 22:00:00+00:00,18.6,12.7,251.0
2024-10-20 23:00:00+00:00,16.5,11.3,237.0
2024-10-21 00:00:00+00:00,20.6,14.1,260.0
2024-10-21 01:00:00+00:00,21.4,14.8,301.0
2024-10-21 02:00:00+00:00,27.8,19.3,360.0
2024-10-21 03:00:00+00:00,33.5,23.3,420.0
2024-10-21 04:00:00+00:00,38.9,27.1,481.0
2024-10-21 05:00:00+00:00,43.5,30.3,544.0
2024-10-21 06:00:00+00:00,46.0,32.0,586.0
2024-10-21 07:00:00+00:00,46.4,32.4,599.0
2024-10-21 08:00:00+00:00,45.6,31.8,592.0
2024-10-21 09:00:00+00:00,45.2,31.4,575.0
2024-10-21 10:00:00+00:00,43.3,30.2,541.0
2024-10-21 11:00:00+00:00,39.6,27.6,497.0
2024-10-21 12:00:00+00:00,35.7,25.0,593.0
2024-10-21 13:00:00+00:00,30.3,21.1,614.0
2024-10-21 14:00:00+00:00,27.9,19.5,640.0
2024-10-21 15:00:00+00:00,32.0,22.4,636.0
2024-10-21 16:00:00+00:00,39.9,27.9,576.0
2024-10-21 17:00:00+00:00,38.0,26.1,486.0
2024-10-21 18:00:00+00:00,35.4,24.3,406.0
2024-10-21 19:00:00+00:00,33.1,22.7,350.0
2024-10-21 20:00:00+00:00,28.6,19.5,303.0
2024-10-21 21:00:00+00:00,23.3,15.8,265.0
2024-10-21 22:00:00+00:00,17.8,11.7,229.0
2024-10-21 23:00:00+00:00,13.5,8.4,201.0
2024-10-22 00:00:00+00:00,14.3,8.6,209.0
2024-10-22 01:00:00+00:00,17.2,10.9,259.0
2024-10-22 02:00:00+00:00,21.4,14.0,330.0
2024-10-22 03:00:00+00:00,24.6,16.4,399.0
2024-10-22 04:00:00+00:00,27.5,18.6,459.0
2024-10-22 05:00:00+00:00,31.3,21.4,518.0
2024-10-22 06:00:00+00:00,35.2,24.2,570.0
2024-10-22 07:00:00+00:00,39.7,27.4,623.0
2024-10-22 08:00:00+00:00,43.3,29.9,670.0
2024-10-22 09:00:00+00:00,43.4,30.2,688.0
2024-10-22 10:00:00+00:00,41.0,28.5,651.0
2024-10-22 11:00:00+00:00,36.6,25.4,586.0
2024-10-22 12:00:00+00:00,33.9,23.6,590.0
2024-10-22 13:00:00+00:00,28.2,19.6,608.0
2024-10-22 14:00:00+00:00,25.1,17.5,631.0
2024-10-22 15:00:00+00:00,28.5,19.8,627.0
2024-10-22 16:00:00+00:00,35.7,24.9,574.0
2024-10-22 17:00:00+00:00,33.5,23.1,496.0
2024-10-22 18:00:00+00:00,34.1,23.2,428.0
2024-10-22 19:00:00+00:00,35.3,23.9,387.0
2024-10-22 20:00:00+00:00,35.2,23.8,357.0
2024-10-22 21:00:00+00:00,32.4,21.9,328.0
2024-10-22 22:00:00+00:00,27.4,18.3,284.0
2024-10-22 23:00:00+00:00,21.7,14.2,240.0
2024-10-23 00:00:00+00:00,28.7,19.2,323.0
2024-10-23 01:00:00+00:00,26.3,17.1,350.0
2024-10-23 02:00:00+00:00,28.2,18.2,390.0
2024-10-23 03:00:00+00:00,33.4,21.8,443.0
2024-10-23 04:00:00+00:00,39.3,26.2,516.0
2024-10-23 05:00:00+00:00,44.2,29.9,602.0
2024-10-23 06:00:00+00:00,47.6,32.4,677.0
2024-10-23 07:00:00+00:00,52.7,36.2,743.0
2024-10-23 08:00:00+00:00,55.5,38.5,799.0
2024-10-23 09:00:00+00:00,53.7,37.5,818.0
2024-10-23 10:00:00+00:00,48.7,34.0,771.0
2024-10-23 11:00:00+00:00,41.9,29.3,686.0
2024-10-23 12:00:00+00:00,29.2,20.4,633.0
2024-10-23 13:00:00+00:00,23.1,16.1,638.0
2024-10-23 14:00:00+00:00,20.4,14.2,643.0
2024-10-23 15:00:00+00:00,24.5,17.1,629.0
2024-10-23 16:00:00+00:00,32.8,22.9,577.0
2024-10-23 17:00:00+00:00,31.7,22.0,506.0
2024-10-23 18:00:00+00:00,35.6,24.6,453.0
2024-10-23 19:00:00+00:00,39.8,27.2,435.0
2024-10-23 20:00:00+00:00,43.3,29.5,434.0
2024-10-23 21:00:00+00:00,45.4,30.7,433.0
2024-10-23 22:00:00+00:00,45.4,30.7,411.0
2024-10-23 23:00:00+00:00,44.5,29.9,388.0
2024-10-24 00:00:00+00:00,36.6,24.6,390.0
2024-10-24 01:00:00+00:00,37.3,25.1,469.0
2024-10-24 02:00:00+00:00,45.5,31.0,582.0
2024-10-24 03:00:00+00:00,55.6,38.1,692.0
2024-10-24 04:00:00+00:00,65.0,44.6,796.0
2024-10-24 05:00:00+00:00,73.8,50.9,898.0
2024-10-24 06:00:00+00:00,83.1,57.6,969.0
2024-10-24 07:00:00+00:00,89.4,62.2,1000.0
2024-10-24 08:00:00+00:00,93.4,65.0,1000.0
2024-10-24 09:00:00+00:00,92.2,64.3,977.0
2024-10-24 10:00:00+00:00,87.1,60.5,918.0
2024-10-24 11:00:00+00:00,78.9,54.9,836.0
2024-10-24 12:00:00+00:00,59.0,41.1,745.0
2024-10-24 13:00:00+00:00,48.5,33.8,729.0
2024-10-24 14:00:00+00:00,42.6,29.6,705.0
2024-10-24 15:00:00+00:00,45.8,31.8,673.0
2024-10-24 16:00:00+00:00,53.1,36.9,629.0
2024-10-24 17:00:00+00:00,56.2,38.5,576.0
2024-10-24 18:00:00+00:00,54.6,37.0,530.0
2024-10-24 19:00:00+00:00,54.2,36.6,495.0
2024-10-24 20:00:00+00:00,53.4,35.7,467.0
2024-10-24 21:00:00+00:00,51.3,34.2,442.0
2024-10-24 22:00:00+00:00,48.7,32.1,404.0
2024-10-24 23:00:00+00:00,45.5,29.8,370.0
2024-10-25 00:00:00+00:00,28.1,18.5,287.0
2024-10-25 01:00:00+00:00,28.8,18.8,345.0
2024-10-25 02:00:00+00:00,35.2,23.5,431.0
2024-10-25 03:00:00+00:00,45.5,30.7,534.0
2024-10-25 04:00:00+00:00,59.0,40.3,668.0
2024-10-25 05:00:00+00:00,71.2,49.0,819.0
2024-10-25 06:00:00+00:00,80.8,55.9,931.0
2024-10-25 07:00:00+00:00,87.8,60.8,982.0
2024-10-25 08:00:00+00:00,91.5,63.6,995.0
2024-10-25 09:00:00+00:00,89.9,62.4,982.0
2024-10-25 10:00:00+00:00,84.8,58.8,931.0
2024-10-25 11:00:00+00:00,77.8,53.9,854.0
2024-10-25 12:00:00+00:00,64.0,44.6,802.0
2024-10-25 13:00:00+00:00,55.4,38.6,806.0
2024-10-25 14:00:00+00:00,51.3,35.9,808.0
2024-10-25 15:00:00+00:00,55.6,38.9,789.0
2024-10-25 16:00:00+00:00,60.8,42.5,732.0
2024-10-25 17:00:00+00:00,60.3,41.9,654.0
2024-10-25 18:00:00+00:00,62.4,43.1,587.0
2024-10-25 19:00:00+00:00,62.6,43.2,545.0
2024-10-25 20:00:00+00:00,62.2,42.7,514.0
2024-10-25 21:00:00+00:00,60.8,41.6,482.0
2024-10-25 22:00:00+00:00,57.6,39.2,434.0
2024-10-25 23:00:00+00:00,53.3,36.2,384.0
2024-10-26 00:00:00+00:00,36.1,24.0,218.0
2024-10-26 01:00:00+00:00,34.2,22.7,420.0
2024-10-26 02:00:00+00:00,38.1,25.4,701.0
2024-10-26 03:00:00+00:00,44.5,29.9,934.0
2024-10-26 04:00:00+00:00,51.7,35.0,1068.0
2024-10-26 05:00:00+00:00,58.9,40.2,1155.0
2024-10-26 06:00:00+00:00,64.7,44.2,1216.0
2024-10-26 07:00:00+00:00,70.3,48.3,1277.0
2024-10-26 08:00:00+00:00,72.6,50.1,1312.0
2024-10-26 09:00:00+00:00,70.3,48.5,1274.0
2024-10-26 10:00:00+00:00,66.6,46.0,1099.0
2024-10-26 11:00:00+00:00,61.7,42.7,850.0
2024-10-26 12:00:00+00:00,61.9,43.1,668.0
2024-10-26 13:00:00+00:00,53.1,36.9,621.0
2024-10-26 14:00:00+00:00,48.0,33.3,640.0
2024-10-26 15:00:00+00:00,49.4,34.2,660.0
2024-10-26 16:00:00+00:00,55.1,38.1,664.0
2024-10-26 17:00:00+00:00,58.4,38.9,669.0
2024-10-26 18:00:00+00:00,56.3,36.8,653.0
2024-10-26 19:00:00+00:00,51.7,33.6,603.0
2024-10-26 20:00:00+00:00,44.6,28.9,533.0
2024-10-26 21:00:00+00:00,36.6,23.2,464.0
2024-10-26 22:00:00+00:00,28.1,17.3,373.0
2024-10-26 23:00:00+00:00,21.9,12.9,283.0
2024-10-27 00:00:00+00:00,33.5,22.8,287.0
2024-10-27 01:00:00+00:00,33.8,23.0,471.0
2024-10-27 02:00:00+00:00,37.5,25.6,748.0
2024-10-27 03:00:00+00:00,41.9,28.6,951.0
2024-10-27 04:00:00+00:00,47.4,32.2,1001.0
2024-10-27 05:00:00+00:00,52.2,35.4,976.0
2024-10-27 06:00:00+00:00,58.0,39.5,946.0
2024-10-27 07:00:00+00:00,65.4,44.9,933.0
2024-10-27 08:00:00+00:00,70.1,48.3,916.0
2024-10-27 09:00:00+00:00,71.7,49.6,897.0
2024-10-27 10:00:00+00:00,71.5,49.4,866.0
2024-10-27 11:00:00+00:00,69.6,48.1,835.0
2024-10-27 12:00:00+00:00,63.1,43.7,840.0
2024-10-27 13:00:00+00:00,59.1,40.7,935.0
2024-10-27 14:00:00+00:00,56.2,38.9,1068.0
2024-10-27 15:00:00+00:00,58.0,40.0,1116.0
2024-10-27 16:00:00+00:00,62.9,43.5,1004.0
2024-10-27 17:00:00+00:00,66.4,44.4,808.0
2024-10-27 18:00:00+00:00,70.1,47.6,633.0
2024-10-27 19:00:00+00:00,75.2,51.6,512.0
2024-10-27 20:00:00+00:00,77.5,53.0,412.0
2024-10-27 21:00:00+00:00,77.1,52.4,339.0
2024-10-27 22:00:00+00:00,70.8,47.5,286.0
2024-10-27 23:00:00+00:00,67.5,44.7,260.0
2024-10-28 00:00:00+00:00,51.2,33.9,284.0
2024-10-28 01:00:00+00:00,54.7,36.2,397.0
2024-10-28 02:00:00+00:00,66.1,44.4,560.0
2024-10-28 03:00:00+00:00,71.9,48.7,681.0
2024-10-28 04:00:00+00:00,76.6,52.2,713.0
2024-10-28 05:00:00+00:00,90.1,61.5,702.0
2024-10-28 06:00:00+00:00,104.3,71.5,703.0
2024-10-28 07:00:00+00:00,109.9,75.4,748.0
2024-10-28 08:00:00+00:00,111.3,76.4,804.0
2024-10-28 09:00:00+00:00,112.0,76.8,821.0
2024-10-28 10:00:00+00:00,106.9,73.3,761.0
2024-10-28 11:00:00+00:00,99.7,68.2,662.0
2024-10-28 12:00:00+00:00,97.1,66.6,592.0
2024-10-28 13:00:00+00:00,94.3,64.7,601.0
2024-10-28 14:00:00+00:00,96.4,66.4,639.0
2024-10-28 15:00:00+00:00,107.3,73.8,628.0
2024-10-28 16:00:00+00:00,105.2,72.2,513.0
2024-10-28 17:00:00+00:00,89.4,61.0,350.0
2024-10-28 18:00:00+00:00,75.9,51.6,225.0
2024-10-28 19:00:00+00:00,59.3,39.5,178.0
2024-10-28 20:00:00+00:00,43.2,27.8,169.0
2024-10-28 21:00:00+00:00,28.1,17.3,168.0
2024-10-28 22:00:00+00:00,15.5,9.3,167.0
2024-10-28 23:00:00+00:00,7.4,4.4,175.0
2024-10-29 00:00:00+00:00,8.6,4.7,187.0
2024-10-29 01:00:00+00:00,7.1,4.2,196.0
2024-10-29 02:00:00+00:00,10.2,6.4,209.0
2024-10-29 03:00:00+00:00,12.4,7.9,247.0
2024-10-29 04:00:00+00:00,14.4,9.4,336.0
2024-10-29 05:00:00+00:00,15.2,10.0,450.0
2024-10-29 06:00:00+00:00,15.0,9.6,533.0
2024-10-29 07:00:00+00:00,15.0,9.5,569.0
2024-10-29 08:00:00+00:00,14.7,9.4,573.0
2024-10-29 09:00:00+00:00,13.9,9.0,538.0
2024-10-29 10:00:00+00:00,12.9,8.4,434.0
2024-10-29 11:00:00+00:00,12.0,7.7,290.0
2024-10-29 12:00:00+00:00,18.3,11.9,189.0
2024-10-29 13:00:00+00:00,18.0,11.7,175.0
2024-10-29 14:00:00+00:00,20.0,13.2,202.0
2024-10-29 15:00:00+00:00,26.3,17.5,221.0
2024-10-29 16:00:00+00:00,26.8,16.6,208.0
2024-10-29 17:00:00+00:00,21.4,10.1,186.0
2024-10-29 18:00:00+00:00,17.3,7.8,169.0
2024-10-29 19:00:00+00:00,13.6,6.2,162.0
2024-10-29 20:00:00+00:00,11.1,5.1,159.0
2024-10-29 21:00:00+00:00,9.2,4.3,159.0
2024-10-29 22:00:00+00:00,7.7,3.6,160.0
2024-10-29 23:00:00+00:00,6.4,3.1,163.0
2024-10-30 00:00:00+00:00,5.8,3.4,171.0
2024-10-30 01:00:00+00:00,6.4,4.0,178.0
2024-10-30 02:00:00+00:00,8.6,5.6,190.0
2024-10-30 03:00:00+00:00,10.5,6.8,226.0
2024-10-30 04:00:00+00:00,13.4,8.8,318.0
2024-10-30 05:00:00+00:00,17.6,11.8,434.0
2024-10-30 06:00:00+00:00,24.7,16.8,495.0
2024-10-30 07:00:00+00:00,28.8,19.8,451.0
2024-10-30 08:00:00+00:00,27.6,18.9,353.0
2024-10-30 09:00:00+00:00,24.9,16.8,272.0
2024-10-30 10:00:00+00:00,22.3,14.7,224.0
2024-10-30 11:00:00+00:00,20.1,13.0,194.0
2024-10-30 12:00:00+00:00,18.7,11.9,211.0
2024-10-30 13:00:00+00:00,18.0,11.5,325.0
2024-10-30 14:00:00+00:00,19.3,12.7,486.0
2024-10-30 15:00:00+00:00,24.2,16.2,571.0
2024-10-30 16:00:00+00:00,25.7,17.5,503.0
2024-10-30 17:00:00+00:00,24.6,16.2,360.0
2024-10-30 18:00:00+00:00,24.0,14.7,248.0
2024-10-30 19:00:00+00:00,22.5,13.6,214.0
2024-10-30 20:00:00+00:00,21.9,13.2,212.0
2024-10-30 21:00:00+00:00,21.3,12.8,212.0
2024-10-30 22:00:00+00:00,20.4,12.2,188.0
2024-10-30 23:00:00+00:00,19.0,11.2,166.0
2024-10-31 00:00:00+00:00,21.0,12.6,197.0
2024-10-31 01:00:00+00:00,23.9,14.6,325.0
2024-10-31 02:00:00+00:00,28.3,17.8,506.0
2024-10-31 03:00:00+00:00,31.4,20.1,659.0
2024-10-31 04:00:00+00:00,36.0,23.4,767.0
2024-10-31 05:00:00+00:00,41.9,27.7,848.0
2024-10-31 06:00:00+00:00,47.4,31.7,869.0
2024-10-31 07:00:00+00:00,52.0,34.9,799.0
2024-10-31 08:00:00+00:00,53.6,36.1,670.0
2024-10-31 09:00:00+00:00,52.3,35.3,550.0
2024-10-31 10:00:00+00:00,48.7,32.8,448.0
2024-10-31 11:00:00+00:00,43.3,29.2,355.0
2024-10-31 12:00:00+00:00,45.1,30.4,317.0
2024-10-31 13:00:00+00:00,41.3,27.8,388.0
2024-10-31 14:00:00+00:00,41.0,27.6,514.0
2024-10-31 15:00:00+00:00,46.2,31.3,581.0
2024-10-31 16:00:00+00:00,51.7,35.3,523.0
2024-10-31 17:00:00+00:00,46.6,31.3,406.0
2024-10-31 18:00:00+00:00,41.9,27.9,310.0
2024-10-31 19:00:00+00:00,38.4,25.6,269.0
2024-10-31 20:00:00+00:00,35.7,23.7,251.0
2024-10-31 21:00:00+00:00,32.4,21.3,236.0
2024-10-31 22:00:00+00:00,28.9,18.7,202.0
2024-10-31 23:00:00+00:00,25.7,16.1,172.0
2024-11-01 00:00:00+00:00,17.5,11.3,199.0
2024-11-01 01:00:00+00:00,18.3,11.6,332.0
2024-11-01 02:00:00+00:00,23.6,15.5,523.0
2024-11-01 03:00:00+00:00,29.7,19.8,680.0
2024-11-01 04:00:00+00:00,31.0,20.7,780.0
2024-11-01 05:00:00+00:00,38.8,26.2,846.0
2024-11-01 06:00:00+00:00,47.1,32.2,862.0
2024-11-01 07:00:00+00:00,54.0,37.1,805.0
2024-11-01 08:00:00+00:00,55.4,38.1,697.0
2024-11-01 09:00:00+00:00,53.1,36.4,590.0
2024-11-01 10:00:00+00:00,48.9,33.5,483.0
2024-11-01 11:00:00+00:00,43.0,29.5,378.0
2024-11-01 12:00:00+00:00,32.0,21.7,330.0
2024-11-01 13:00:00+00:00,29.0,19.7,400.0
2024-11-01 14:00:00+00:00,29.7,20.1,527.0
2024-11-01 15:00:00+00:00,35.4,24.0,590.0
2024-11-01 16:00:00+00:00,42.4,28.4,515.0
2024-11-01 17:00:00+00:00,43.3,26.8,375.0
2024-11-01 18:00:00+00:00,41.3,25.0,267.0
2024-11-01 19:00:00+00:00,38.1,22.8,234.0
2024-11-01 20:00:00+00:00,35.4,21.2,233.0
2024-11-01 21:00:00+00:00,33.4,20.0,231.0
2024-11-01 22:00:00+00:00,31.4,18.6,198.0
2024-11-01 23:00:00+00:00,29.2,16.9,165.0
2024-11-02 00:00:00+00:00,33.4,20.3,193.0
2024-11-02 01:00:00+00:00,33.1,20.0,334.0
2024-11-02 02:00:00+00:00,34.8,21.1,536.0
2024-11-02 03:00:00+00:00,40.3,25.1,708.0
2024-11-02 04:00:00+00:00,48.7,31.1,828.0
2024-11-02 05:00:00+00:00,57.9,38.0,918.0
2024-11-02 06:00:00+00:00,63.3,42.3,956.0
2024-11-02 07:00:00+00:00,63.3,42.3,919.0
2024-11-02 08:00:00+00:00,62.6,41.8,830.0
2024-11-02 09:00:00+00:00,60.8,40.6,738.0
2024-11-02 10:00:00+00:00,55.9,37.3,643.0
2024-11-02 11:00:00+00:00,49.9,33.1,545.0
2024-11-02 12:00:00+00:00,44.4,29.0,495.0
2024-11-02 13:00:00+00:00,44.4,29.1,548.0
2024-11-02 14:00:00+00:00,48.2,31.8,648.0
2024-11-02 15:00:00+00:00,57.3,38.2,680.0
2024-11-02 16:00:00+00:00,56.6,36.9,567.0
2024-11-02 17:00:00+00:00,33.8,19.3,385.0
2024-11-02 18:00:00+00:00,26.7,13.9,246.0
2024-11-02 19:00:00+00:00,25.4,13.0,199.0
2024-11-02 20:00:00+00:00,25.4,12.8,194.0
2024-11-02 21:00:00+00:00,21.5,10.8,192.0
2024-11-02 22:00:00+00:00,16.4,8.4,172.0
2024-11-02 23:00:00+00:00,11.3,6.0,156.0
2024-11-03 00:00:00+00:00,19.6,9.6,167.0
2024-11-03 01:00:00+00:00,18.5,9.2,233.0
2024-11-03 02:00:00+00:00,16.2,8.5,327.0
2024-11-03 03:00:00+00:00,14.5,8.0,392.0
2024-11-03 04:00:00+00:00,15.0,8.8,393.0
2024-11-03 05:00:00+00:00,16.6,10.4,364.0
2024-11-03 06:00:00+00:00,18.5,12.0,353.0
2024-11-03 07:00:00+00:00,19.8,13.0,397.0
2024-11-03 08:00:00+00:00,21.1,13.9,460.0
2024-11-03 09:00:00+00:00,21.2,13.9,477.0
2024-11-03 10:00:00+00:00,20.7,13.6,402.0
2024-11-03 11:00:00+00:00,20.0,12.9,282.0
2024-11-03 12:00:00+00:00,25.3,15.7,194.0
2024-11-03 13:00:00+00:00,25.4,15.8,174.0
2024-11-03 14:00:00+00:00,27.4,17.3,185.0
2024-11-03 15:00:00+00:00,33.3,21.7,194.0
2024-11-03 16:00:00+00:00,23.6,14.8,188.0
2024-11-03 17:00:00+00:00,15.5,9.4,180.0
2024-11-03 18:00:00+00:00,13.0,8.2,173.0
2024-11-03 19:00:00+00:00,12.1,7.8,166.0
2024-11-03 20:00:00+00:00,11.8,7.6,160.0
2024-11-03 21:00:00+00:00,10.5,6.8,159.0
2024-11-03 22:00:00+00:00,9.2,5.8,166.0
2024-11-03 23:00:00+00:00,8.8,5.4,179.0
2024-11-04 00:00:00+00:00,7.4,4.6,192.0
2024-11-04 01:00:00+00:00,9.6,6.0,205.0
2024-11-04 02:00:00+00:00,11.0,6.9,218.0
2024-11-04 03:00:00+00:00,12.4,7.9,231.0
2024-11-04 04:00:00+00:00,14.4,9.5,245.0
2024-11-04 05:00:00+00:00,16.9,11.4,258.0
2024-11-04 06:00:00+00:00,19.7,13.4,262.0
2024-11-04 07:00:00+00:00,20.3,13.8,250.0
2024-11-04 08:00:00+00:00,18.8,12.7,229.0
2024-11-04 09:00:00+00:00,17.1,11.5,213.0
2024-11-04 10:00:00+00:00,15.2,10.1,201.0
2024-11-04 11:00:00+00:00,12.7,8.5,194.0
2024-11-04 12:00:00+00:00,12.3,8.3,210.0
2024-11-04 13:00:00+00:00,10.8,7.2,276.0
2024-11-04 14:00:00+00:00,11.0,7.5,365.0
2024-11-04 15:00:00+00:00,13.9,9.5,413.0
2024-11-04 16:00:00+00:00,16.1,11.0,378.0
2024-11-04 17:00:00+00:00,13.0,8.8,302.0
2024-11-04 18:00:00+00:00,8.4,5.6,246.0
2024-11-04 19:00:00+00:00,7.5,5.0,238.0
2024-11-04 20:00:00+00:00,7.7,5.2,249.0
2024-11-04 21:00:00+00:00,7.2,4.8,256.0
2024-11-04 22:00:00+00:00,6.7,4.4,220.0
2024-11-04 23:00:00+00:00,6.2,4.1,178.0
2024-11-05 00:00:00+00:00,13.1,8.8,221.0
2024-11-05 01:00:00+00:00,12.7,8.7,444.0
2024-11-05 02:00:00+00:00,13.2,9.1,751.0
2024-11-05 03:00:00+00:00,14.6,10.0,943.0
2024-11-05 04:00:00+00:00,16.9,11.6,912.0
2024-11-05 05:00:00+00:00,19.3,13.3,767.0
2024-11-05 06:00:00+00:00,23.1,15.9,635.0
2024-11-05 07:00:00+00:00,27.7,19.2,563.0
2024-11-05 08:00:00+00:00,28.5,19.7,503.0
2024-11-05 09:00:00+00:00,25.8,17.8,441.0
2024-11-05 10:00:00+00:00,21.5,14.8,350.0
2024-11-05 11:00:00+00:00,16.9,11.6,257.0
2024-11-05 12:00:00+00:00,13.9,9.5,224.0
2024-11-05 13:00:00+00:00,12.0,8.2,315.0
2024-11-05 14:00:00+00:00,13.6,9.3,467.0
2024-11-05 15:00:00+00:00,20.7,14.3,556.0
2024-11-05 16:00:00+00:00,27.5,19.2,510.0
2024-11-05 17:00:00+00:00,21.5,14.7,402.0
2024-11-05 18:00:00+00:00,19.9,13.3,318.0
2024-11-05 19:00:00+00:00,24.6,16.5,300.0
2024-11-05 20:00:00+00:00,26.2,17.6,307.0
2024-11-05 21:00:00+00:00,26.1,17.6,307.0
2024-11-05 22:00:00+00:00,24.8,16.6,252.0
2024-11-05 23:00:00+00:00,24.8,16.8,189.0
2024-11-06 00:00:00+00:00,27.2,17.5,232.0
2024-11-06 01:00:00+00:00,29.8,19.5,489.0
2024-11-06 02:00:00+00:00,34.2,22.7,852.0
2024-11-06 03:00:00+00:00,37.5,25.0,1105.0
2024-11-06 04:00:00+00:00,39.9,26.7,1165.0
2024-11-06 05:00:00+00:00,44.6,30.0,1116.0
2024-11-06 06:00:00+00:00,48.9,33.2,996.0
2024-11-06 07:00:00+00:00,49.1,33.4,769.0
2024-11-06 08:00:00+00:00,44.5,30.3,472.0
2024-11-06 09:00:00+00:00,39.6,26.8,254.0
2024-11-06 10:00:00+00:00,34.7,23.5,186.0
2024-11-06 11:00:00+00:00,29.6,20.0,196.0
2024-11-06 12:00:00+00:00,25.9,17.8,218.0
2024-11-06 13:00:00+00:00,21.8,14.9,237.0
2024-11-06 14:00:00+00:00,18.6,12.5,268.0
2024-11-06 15:00:00+00:00,15.8,10.6,290.0
2024-11-06 16:00:00+00:00,12.9,8.6,295.0
2024-11-06 17:00:00+00:00,9.0,5.8,291.0
2024-11-06 18:00:00+00:00,6.1,3.7,277.0
2024-11-06 19:00:00+00:00,5.6,3.4,246.0
2024-11-06 20:00:00+00:00,5.4,3.4,204.0
2024-11-06 21:00:00+00:00,5.3,3.3,175.0
2024-11-06 22:00:00+00:00,5.2,3.2,164.0
2024-11-06 23:00:00+00:00,5.0,3.2,165.0
2024-11-07 00:00:00+00:00,8.6,5.3,181.0
2024-11-07 01:00:00+00:00,11.0,7.1,221.0
2024-11-07 02:00:00+00:00,12.8,8.3,278.0
2024-11-07 03:00:00+00:00,12.3,7.9,328.0
2024-11-07 04:00:00+00:00,12.1,7.8,372.0
2024-11-07 05:00:00+00:00,12.6,8.1,411.0
2024-11-07 06:00:00+00:00,13.4,8.7,423.0
2024-11-07 07:00:00+00:00,14.0,9.1,390.0
2024-11-07 08:00:00+00:00,14.0,9.2,330.0
2024-11-07 09:00:00+00:00,13.4,8.8,276.0
2024-11-07 10:00:00+00:00,12.4,8.1,228.0
2024-11-07 11:00:00+00:00,10.9,7.1,185.0
2024-11-07 12:00:00+00:00,8.9,5.7,183.0
2024-11-07 13:00:00+00:00,8.8,5.6,264.0
2024-11-07 14:00:00+00:00,10.7,7.0,385.0
2024-11-07 15:00:00+00:00,14.8,9.8,452.0
2024-11-07 16:00:00+00:00,18.2,12.2,408.0
2024-11-07 17:00:00+00:00,18.9,12.5,311.0
2024-11-07 18:00:00+00:00,15.6,10.2,238.0
2024-11-07 19:00:00+00:00,13.9,9.0,221.0
2024-11-07 20:00:00+00:00,12.2,7.9,228.0
2024-11-07 21:00:00+00:00,11.2,7.3,240.0
2024-11-07 22:00:00+00:00,10.6,6.9,234.0
2024-11-07 23:00:00+00:00,10.1,6.6,233.0
2024-11-08 00:00:00+00:00,8.3,5.7,282.0
2024-11-08 01:00:00+00:00,15.7,10.8,446.0
2024-11-08 02:00:00+00:00,20.3,13.9,660.0
2024-11-08 03:00:00+00:00,21.9,15.1,783.0
2024-11-08 04:00:00+00:00,25.3,17.5,729.0
2024-11-08 05:00:00+00:00,29.5,20.5,582.0
2024-11-08 06:00:00+00:00,30.3,21.1,455.0
2024-11-08 07:00:00+00:00,27.0,18.7,388.0
2024-11-08 08:00:00+00:00,21.8,15.0,341.0
2024-11-08 09:00:00+00:00,17.5,12.0,299.0
2024-11-08 10:00:00+00:00,14.0,9.6,242.0
2024-11-08 11:00:00+00:00,11.1,7.5,190.0
2024-11-08 12:00:00+00:00,9.4,6.4,191.0
2024-11-08 13:00:00+00:00,8.4,5.7,301.0
2024-11-08 14:00:00+00:00,9.6,6.5,464.0
2024-11-08 15:00:00+00:00,13.6,9.3,555.0
2024-11-08 16:00:00+00:00,18.8,13.0,500.0
2024-11-08 17:00:00+00:00,21.2,14.6,373.0
2024-11-08 18:00:00+00:00,18.5,12.5,276.0
2024-11-08 19:00:00+00:00,20.5,13.9,252.0
2024-11-08 20:00:00+00:00,21.0,14.2,258.0
2024-11-08 21:00:00+00:00,22.3,15.0,262.0
2024-11-08 22:00:00+00:00,24.5,16.4,225.0
2024-11-08 23:00:00+00:00,30.9,20.7,187.0
2024-11-09 00:00:00+00:00,19.9,12.7,231.0
2024-11-09 01:00:00+00:00,28.5,18.7,433.0
2024-11-09 02:00:00+00:00,37.4,24.9,718.0
2024-11-09 03:00:00+00:00,51.0,34.7,947.0
2024-11-09 04:00:00+00:00,62.2,42.8,1081.0
2024-11-09 05:00:00+00:00,68.9,47.7,1159.0
2024-11-09 06:00:00+00:00,71.7,49.8,1156.0
2024-11-09 07:00:00+00:00,68.9,48.0,1029.0
2024-11-09 08:00:00+00:00,61.9,43.2,822.0
2024-11-09 09:00:00+00:00,53.1,37.0,641.0
2024-11-09 10:00:00+00:00,45.1,31.5,513.0
2024-11-09 11:00:00+00:00,38.6,27.0,412.0
2024-11-09 12:00:00+00:00,22.9,15.9,365.0
2024-11-09 13:00:00+00:00,20.2,14.1,415.0
2024-11-09 14:00:00+00:00,20.8,14.5,518.0
2024-11-09 15:00:00+00:00,27.1,18.9,572.0
2024-11-09 16:00:00+00:00,35.2,24.6,520.0
2024-11-09 17:00:00+00:00,35.3,24.6,420.0
2024-11-09 18:00:00+00:00,35.7,25.0,339.0
2024-11-09 19:00:00+00:00,40.6,28.3,307.0
2024-11-09 20:00:00+00:00,38.9,27.0,296.0
2024-11-09 21:00:00+00:00,37.3,25.7,286.0
2024-11-09 22:00:00+00:00,35.7,24.7,243.0
2024-11-09 23:00:00+00:00,35.7,24.7,203.0
2024-11-10 00:00:00+00:00,28.6,19.8,249.0
2024-11-10 01:00:00+00:00,34.1,23.6,459.0
2024-11-10 02:00:00+00:00,42.3,29.3,757.0
2024-11-10 03:00:00+00:00,49.6,34.6,995.0
2024-11-10 04:00:00+00:00,58.0,40.4,1127.0
2024-11-10 05:00:00+00:00,62.6,43.7,1201.0
2024-11-10 06:00:00+00:00,66.6,46.4,1209.0
2024-11-10 07:00:00+00:00,70.5,49.4,1136.0
2024-11-10 08:00:00+00:00,70.3,49.1,998.0
2024-11-10 09:00:00+00:00,65.7,45.9,840.0
2024-11-10 10:00:00+00:00,57.9,40.5,639.0
2024-11-10 11:00:00+00:00,49.4,34.5,417.0
2024-11-10 12:00:00+00:00,37.8,26.5,289.0
2024-11-10 13:00:00+00:00,32.5,22.8,341.0
2024-11-10 14:00:00+00:00,30.0,21.0,486.0
2024-11-10 15:00:00+00:00,34.0,23.8,579.0
2024-11-10 16:00:00+00:00,42.0,29.4,549.0
2024-11-10 17:00:00+00:00,48.7,34.0,466.0
2024-11-10 18:00:00+00:00,42.6,29.7,400.0
2024-11-10 19:00:00+00:00,44.7,31.1,378.0
2024-11-10 20:00:00+00:00,46.9,32.5,372.0
2024-11-10 21:00:00+00:00,47.1,32.5,370.0
2024-11-10 22:00:00+00:00,46.2,31.7,337.0
2024-11-10 23:00:00+00:00,45.9,31.4,307.0
2024-11-11 00:00:00+00:00,32.9,22.6,373.0
2024-11-11 01:00:00+00:00,39.9,27.6,616.0
2024-11-11 02:00:00+00:00,48.9,33.9,954.0
2024-11-11 03:00:00+00:00,54.4,37.7,1233.0
2024-11-11 04:00:00+00:00,61.0,42.3,1407.0
2024-11-11 05:00:00+00:00,67.8,47.1,1522.0
2024-11-11 06:00:00+00:00,77.3,53.9,1565.0
2024-11-11 07:00:00+00:00,84.3,58.7,1515.0
2024-11-11 08:00:00+00:00,86.6,60.3,1394.0
2024-11-11 09:00:00+00:00,86.4,60.3,1251.0
2024-11-11 10:00:00+00:00,82.7,57.6,1076.0
2024-11-11 11:00:00+00:00,75.9,53.0,881.0
2024-11-11 12:00:00+00:00,55.5,38.8,749.0
2024-11-11 13:00:00+00:00,50.4,35.2,745.0
2024-11-11 14:00:00+00:00,48.5,33.9,804.0
2024-11-11 15:00:00+00:00,53.1,37.0,820.0
2024-11-11 16:00:00+00:00,61.0,42.6,738.0
2024-11-11 17:00:00+00:00,64.7,45.1,614.0
2024-11-11 18:00:00+00:00,59.3,41.0,501.0
2024-11-11 19:00:00+00:00,61.2,42.3,417.0
2024-11-11 20:00:00+00:00,60.3,41.6,345.0
2024-11-11 21:00:00+00:00,55.1,37.7,293.0
2024-11-11 22:00:00+00:00,42.6,28.8,265.0
2024-11-11 23:00:00+00:00,26.7,17.7,257.0
2024-11-12 00:00:00+00:00,27.1,18.6,262.0
2024-11-12 01:00:00+00:00,22.2,15.3,280.0
2024-11-12 02:00:00+00:00,19.3,13.4,310.0
2024-11-12 03:00:00+00:00,15.9,11.1,349.0
2024-11-12 04:00:00+00:00,12.1,8.4,417.0
2024-11-12 05:00:00+00:00,15.8,11.0,494.0
2024-11-12 06:00:00+00:00,24.7,17.2,510.0
2024-11-12 07:00:00+00:00,32.7,22.8,407.0
2024-11-12 08:00:00+00:00,39.9,27.8,244.0
2024-11-12 09:00:00+00:00,42.6,29.7,123.0
2024-11-12 10:00:00+00:00,40.7,28.3,93.0
2024-11-12 11:00:00+00:00,36.3,25.1,106.0
2024-11-12 12:00:00+00:00,30.2,29.8,123.0
2024-11-12 13:00:00+00:00,26.9,26.3,135.0
2024-11-12 14:00:00+00:00,24.3,23.6,152.0
2024-11-12 15:00:00+00:00,24.1,23.3,165.0
2024-11-12 16:00:00+00:00,23.6,22.8,172.0
2024-11-12 17:00:00+00:00,17.5,16.4,175.0
2024-11-12 18:00:00+00:00,13.5,12.1,176.0
2024-11-12 19:00:00+00:00,12.3,11.0,172.0
2024-11-12 20:00:00+00:00,11.4,10.2,166.0
2024-11-12 21:00:00+00:00,10.8,9.7,166.0
2024-11-12 22:00:00+00:00,10.3,9.3,160.0
2024-11-12 23:00:00+00:00,9.7,8.9,160.0
2024-11-13 00:00:00+00:00,6.6,6.5,211.0
2024-11-13 01:00:00+00:00,9.2,8.8,374.0
2024-11-13 02:00:00+00:00,10.7,10.1,589.0
2024-11-13 03:00:00+00:00,12.1,11.4,711.0
2024-11-13 04:00:00+00:00,14.1,13.4,657.0
2024-11-13 05:00:00+00:00,16.2,15.6,511.0
2024-11-13 06:00:00+00:00,17.8,17.4,387.0
2024-11-13 07:00:00+00:00,18.7,18.6,326.0
2024-11-13 08:00:00+00:00,18.5,18.3,286.0
2024-11-13 09:00:00+00:00,17.1,16.9,256.0
2024-11-13 10:00:00+00:00,15.3,15.2,224.0
2024-11-13 11:00:00+00:00,13.4,13.3,201.0
2024-11-13 12:00:00+00:00,10.3,10.3,209.0
2024-11-13 13:00:00+00:00,9.0,9.0,279.0
2024-11-13 14:00:00+00:00,9.3,9.3,380.0
2024-11-13 15:00:00+00:00,12.3,12.3,446.0
2024-11-13 16:00:00+00:00,17.9,17.8,444.0
2024-11-13 17:00:00+00:00,20.5,20.3,406.0
2024-11-13 18:00:00+00:00,17.5,16.8,362.0
2024-11-13 19:00:00+00:00,15.9,14.8,317.0
2024-11-13 20:00:00+00:00,15.3,13.9,266.0
2024-11-13 21:00:00+00:00,14.6,13.3,229.0
2024-11-13 22:00:00+00:00,14.6,13.5,208.0
2024-11-13 23:00:00+00:00,14.6,13.7,200.0
2024-11-14 00:00:00+00:00,11.6,11.1,220.0
2024-11-14 01:00:00+00:00,11.8,11.5,281.0
2024-11-14 02:00:00+00:00,13.9,13.6,369.0
2024-11-14 03:00:00+00:00,17.8,17.5,458.0
2024-11-14 04:00:00+00:00,21.8,21.5,554.0
2024-11-14 05:00:00+00:00,29.5,29.2,652.0
2024-11-14 06:00:00+00:00,38.2,37.6,708.0
2024-11-14 07:00:00+00:00,45.5,44.8,697.0
2024-11-14 08:00:00+00:00,48.2,47.5,645.0
2024-11-14 09:00:00+00:00,45.2,44.4,581.0
2024-11-14 10:00:00+00:00,40.7,40.0,493.0
2024-11-14 11:00:00+00:00,36.7,35.9,394.0
2024-11-14 12:00:00+00:00,30.0,29.0,350.0
2024-11-14 13:00:00+00:00,28.1,26.8,419.0
2024-11-14 14:00:00+00:00,28.3,27.0,542.0
2024-11-14 15:00:00+00:00,32.7,31.4,614.0
2024-11-14 16:00:00+00:00,34.9,33.5,575.0
2024-11-14 17:00:00+00:00,35.7,34.2,485.0
2024-11-14 18:00:00+00:00,26.3,23.9,413.0
2024-11-14 19:00:00+00:00,24.0,21.4,391.0
2024-11-14 20:00:00+00:00,22.3,19.9,386.0
2024-11-14 21:00:00+00:00,20.2,18.1,374.0
2024-11-14 22:00:00+00:00,17.6,15.7,333.0
2024-11-14 23:00:00+00:00,15.1,13.4,284.0
2024-11-15 00:00:00+00:00,10.9,10.8,265.0
2024-11-15 01:00:00+00:00,12.4,12.1,308.0
2024-11-15 02:00:00+00:00,16.3,16.0,380.0
2024-11-15 03:00:00+00:00,20.5,20.1,421.0
2024-11-15 04:00:00+00:00,24.0,23.4,400.0
2024-11-15 05:00:00+00:00,29.0,28.3,347.0
2024-11-15 06:00:00+00:00,32.1,31.2,301.0
2024-11-15 07:00:00+00:00,33.2,32.0,274.0
2024-11-15 08:00:00+00:00,33.4,32.0,252.0
2024-11-15 09:00:00+00:00,29.6,28.3,233.0
2024-11-15 10:00:00+00:00,17.5,16.3,207.0
2024-11-15 11:00:00+00:00,12.0,10.4,183.0
2024-11-15 12:00:00+00:00,18.9,17.5,190.0
2024-11-15 13:00:00+00:00,15.5,13.9,264.0
2024-11-15 14:00:00+00:00,14.8,13.3,368.0
2024-11-15 15:00:00+00:00,16.2,14.7,425.0
2024-11-15 16:00:00+00:00,14.8,13.4,386.0
2024-11-15 17:00:00+00:00,10.5,8.8,298.0
2024-11-15 18:00:00+00:00,7.9,6.2,227.0
2024-11-15 19:00:00+00:00,6.1,4.9,196.0
2024-11-15 20:00:00+00:00,4.9,4.0,182.0
2024-11-15 21:00:00+00:00,4.1,3.4,173.0
2024-11-15 22:00:00+00:00,3.7,3.0,167.0
2024-11-15 23:00:00+00:00,3.4,2.8,167.0
2024-11-16 00:00:00+00:00,5.2,4.0,172.0
2024-11-16 01:00:00+00:00,5.9,5.1,188.0
2024-11-16 02:00:00+00:00,6.6,6.0,210.0
2024-11-16 03:00:00+00:00,6.7,6.2,220.0
2024-11-16 04:00:00+00:00,7.4,6.9,206.0
2024-11-16 05:00:00+00:00,8.8,8.2,179.0
2024-11-16 06:00:00+00:00,10.7,10.0,159.0
2024-11-16 07:00:00+00:00,12.6,11.9,152.0
2024-11-16 08:00:00+00:00,13.8,13.2,152.0
2024-11-16 09:00:00+00:00,14.4,13.7,153.0
2024-11-16 10:00:00+00:00,14.6,14.0,147.0
2024-11-16 11:00:00+00:00,14.4,13.8,142.0
2024-11-16 12:00:00+00:00,6.2,5.4,159.0
2024-11-16 13:00:00+00:00,6.8,6.2,227.0
2024-11-16 14:00:00+00:00,8.4,7.9,318.0
2024-11-16 15:00:00+00:00,11.4,11.0,368.0
2024-11-16 16:00:00+00:00,14.6,14.2,340.0
2024-11-16 17:00:00+00:00,13.4,12.3,273.0
2024-11-16 18:00:00+00:00,11.7,10.2,216.0
2024-11-16 19:00:00+00:00,9.9,8.3,189.0
2024-11-16 20:00:00+00:00,7.7,6.2,173.0
2024-11-16 21:00:00+00:00,6.5,5.2,165.0
2024-11-16 22:00:00+00:00,5.9,4.7,163.0
2024-11-16 23:00:00+00:00,5.5,4.4,168.0
2024-11-17 00:00:00+00:00,8.7,6.9,181.0
2024-11-17 01:00:00+00:00,9.3,8.0,207.0
2024-11-17 02:00:00+00:00,9.7,8.6,240.0
2024-11-17 03:00:00+00:00,9.9,9.0,264.0
2024-11-17 04:00:00+00:00,10.9,10.2,271.0
2024-11-17 05:00:00+00:00,12.7,12.1,268.0
2024-11-17 06:00:00+00:00,14.6,14.2,262.0
2024-11-17 07:00:00+00:00,15.9,15.6,253.0
2024-11-17 08:00:00+00:00,16.3,15.9,242.0
2024-11-17 09:00:00+00:00,15.7,15.4,229.0
2024-11-17 10:00:00+00:00,14.9,14.6,209.0
2024-11-17 11:00:00+00:00,13.8,13.5,188.0
2024-11-17 12:00:00+00:00,9.8,9.6,191.0
2024-11-17 13:00:00+00:00,10.2,10.2,244.0
2024-11-17 14:00:00+00:00,11.5,11.4,322.0
2024-11-17 15:00:00+00:00,14.3,14.1,373.0
2024-11-17 16:00:00+00:00,19.0,18.8,371.0
2024-11-17 17:00:00+00:00,18.7,18.3,342.0
2024-11-17 18:00:00+00:00,18.4,16.8,313.0
2024-11-17 19:00:00+00:00,17.6,14.2,294.0
2024-11-17 20:00:00+00:00,16.5,13.0,275.0
2024-11-17 21:00:00+00:00,15.4,11.9,259.0
2024-11-17 22:00:00+00:00,13.9,10.7,228.0
2024-11-17 23:00:00+00:00,11.3,9.2,199.0
2024-11-18 00:00:00+00:00,5.8,5.7,231.0
2024-11-18 01:00:00+00:00,10.0,9.7,393.0
2024-11-18 02:00:00+00:00,13.4,13.1,615.0
2024-11-18 03:00:00+00:00,18.0,17.7,749.0
2024-11-18 04:00:00+00:00,23.2,22.8,707.0
2024-11-18 05:00:00+00:00,30.6,30.0,576.0
2024-11-18 06:00:00+00:00,39.8,39.2,467.0
2024-11-18 07:00:00+00:00,42.7,42.0,421.0
2024-11-18 08:00:00+00:00,36.9,36.1,396.0
2024-11-18 09:00:00+00:00,32.0,31.1,382.0
2024-11-18 10:00:00+00:00,28.1,27.0,366.0
2024-11-18 11:00:00+00:00,25.3,24.1,360.0
2024-11-18 12:00:00+00:00,20.3,18.9,386.0
2024-11-18 13:00:00+00:00,19.8,18.4,484.0
2024-11-18 14:00:00+00:00,19.2,17.8,613.0
2024-11-18 15:00:00+00:00,21.1,19.7,672.0
2024-11-18 16:00:00+00:00,25.0,24.0,593.0
2024-11-18 17:00:00+00:00,25.3,23.6,443.0
2024-11-18 18:00:00+00:00,20.0,18.0,324.0
2024-11-18 19:00:00+00:00,20.5,17.8,279.0
2024-11-18 20:00:00+00:00,21.9,18.5,265.0
2024-11-18 21:00:00+00:00,23.1,19.4,258.0
2024-11-18 22:00:00+00:00,23.3,19.4,249.0
2024-11-18 23:00:00+00:00,21.6,17.8,246.0
2024-11-19 00:00:00+00:00,17.6,15.1,247.0
2024-11-19 01:00:00+00:00,18.5,16.4,255.0
2024-11-19 02:00:00+00:00,21.5,19.4,265.0
2024-11-19 03:00:00+00:00,26.1,23.9,265.0
2024-11-19 04:00:00+00:00,29.7,27.3,241.0
2024-11-19 05:00:00+00:00,32.8,30.4,206.0
2024-11-19 06:00:00+00:00,35.2,32.7,181.0
2024-11-19 07:00:00+00:00,36.1,33.5,174.0
2024-11-19 08:00:00+00:00,37.1,34.7,176.0
2024-11-19 09:00:00+00:00,36.1,33.9,182.0
2024-11-19 10:00:00+00:00,32.6,30.5,184.0
2024-11-19 11:00:00+00:00,27.9,26.0,189.0
2024-11-19 12:00:00+00:00,23.5,20.9,215.0
2024-11-19 13:00:00+00:00,21.5,18.9,288.0
2024-11-19 14:00:00+00:00,21.3,18.5,383.0
2024-11-19 15:00:00+00:00,23.0,19.8,436.0
2024-11-19 16:00:00+00:00,25.1,22.4,410.0
2024-11-19 17:00:00+00:00,27.0,22.3,343.0
2024-11-19 18:00:00+00:00,26.1,18.8,287.0
2024-11-19 19:00:00+00:00,23.6,16.2,260.0
2024-11-19 20:00:00+00:00,21.7,15.3,244.0
2024-11-19 21:00:00+00:00,20.2,14.8,239.0
2024-11-19 22:00:00+00:00,19.3,14.6,228.0
2024-11-19 23:00:00+00:00,19.6,15.4,228.0
2024-11-20 00:00:00+00:00,18.7,15.3,283.0
2024-11-20 01:00:00+00:00,22.9,20.0,458.0
2024-11-20 02:00:00+00:00,25.7,22.9,690.0
2024-11-20 03:00:00+00:00,27.7,25.6,828.0
2024-11-20 04:00:00+00:00,32.1,30.0,791.0
2024-11-20 05:00:00+00:00,34.2,32.2,661.0
2024-11-20 06:00:00+00:00,33.4,32.1,538.0
2024-11-20 07:00:00+00:00,30.7,30.2,454.0
2024-11-20 08:00:00+00:00,27.1,26.9,376.0
2024-11-20 09:00:00+00:00,22.8,22.7,314.0
2024-11-20 10:00:00+00:00,19.0,18.9,264.0
2024-11-20 11:00:00+00:00,15.9,15.8,229.0
2024-11-20 12:00:00+00:00,12.1,11.9,223.0
2024-11-20 13:00:00+00:00,10.8,10.7,269.0
2024-11-20 14:00:00+00:00,10.9,10.7,343.0
2024-11-20 15:00:00+00:00,13.9,13.7,395.0
2024-11-20 16:00:00+00:00,19.6,19.4,399.0
2024-11-20 17:00:00+00:00,23.7,23.3,380.0
2024-11-20 18:00:00+00:00,17.0,16.1,359.0
2024-11-20 19:00:00+00:00,14.0,12.9,337.0
2024-11-20 20:00:00+00:00,14.6,13.2,312.0
2024-11-20 21:00:00+00:00,15.4,13.9,304.0
2024-11-20 22:00:00+00:00,16.3,14.6,315.0
2024-11-20 23:00:00+00:00,17.3,15.7,341.0
2024-11-21 00:00:00+00:00,18.7,17.9,393.0
2024-11-21 01:00:00+00:00,24.4,23.9,474.0
2024-11-21 02:00:00+00:00,27.8,27.2,580.0
2024-11-21 03:00:00+00:00,28.7,28.2,705.0
2024-11-21 04:00:00+00:00,31.2,30.5,891.0
2024-11-21 05:00:00+00:00,34.0,33.3,1096.0
2024-11-21 06:00:00+00:00,37.8,37.1,1185.0
2024-11-21 07:00:00+00:00,39.6,38.9,1064.0
2024-11-21 08:00:00+00:00,39.3,38.6,827.0
2024-11-21 09:00:00+00:00,37.3,36.7,617.0
2024-11-21 10:00:00+00:00,34.2,33.8,467.0
2024-11-21 11:00:00+00:00,31.4,31.0,343.0
2024-11-21 12:00:00+00:00,28.5,28.0,290.0
2024-11-21 13:00:00+00:00,26.8,26.3,360.0
2024-11-21 14:00:00+00:00,27.3,26.9,501.0
2024-11-21 15:00:00+00:00,32.2,31.9,601.0
2024-11-21 16:00:00+00:00,36.1,35.6,614.0
2024-11-21 17:00:00+00:00,34.7,34.2,585.0
2024-11-21 18:00:00+00:00,26.7,26.2,542.0
2024-11-21 19:00:00+00:00,20.7,20.0,484.0
2024-11-21 20:00:00+00:00,18.3,17.5,412.0
2024-11-21 21:00:00+00:00,16.9,15.9,354.0
2024-11-21 22:00:00+00:00,15.4,14.4,297.0
2024-11-21 23:00:00+00:00,14.0,13.0,254.0
2024-11-22 00:00:00+00:00,18.7,17.3,295.0
2024-11-22 01:00:00+00:00,19.7,18.5,494.0
2024-11-22 02:00:00+00:00,21.0,19.9,776.0
2024-11-22 03:00:00+00:00,23.7,22.8,991.0
2024-11-22 04:00:00+00:00,27.1,26.3,1086.0
2024-11-22 05:00:00+00:00,31.7,31.1,1113.0
2024-11-22 06:00:00+00:00,34.8,34.3,1080.0
2024-11-22 07:00:00+00:00,36.3,35.9,959.0
2024-11-22 08:00:00+00:00,36.4,35.9,778.0
2024-11-22 09:00:00+00:00,35.3,34.7,620.0
2024-11-22 10:00:00+00:00,33.1,32.5,505.0
2024-11-22 11:00:00+00:00,30.2,29.6,413.0
2024-11-22 12:00:00+00:00,28.2,27.6,375.0
2024-11-22 13:00:00+00:00,25.8,25.1,424.0
2024-11-22 14:00:00+00:00,26.2,25.5,527.0
2024-11-22 15:00:00+00:00,32.4,31.7,612.0
2024-11-22 16:00:00+00:00,39.1,38.6,661.0
2024-11-22 17:00:00+00:00,39.7,39.2,692.0
2024-11-22 18:00:00+00:00,26.3,25.7,691.0
2024-11-22 19:00:00+00:00,22.8,21.9,635.0
2024-11-22 20:00:00+00:00,21.8,20.7,547.0
2024-11-22 21:00:00+00:00,20.3,19.0,481.0
2024-11-22 22:00:00+00:00,18.7,17.3,450.0
2024-11-22 23:00:00+00:00,17.4,15.8,441.0
2024-11-23 00:00:00+00:00,17.1,15.9,464.0
2024-11-23 01:00:00+00:00,18.0,17.0,530.0
2024-11-23 02:00:00+00:00,18.2,17.3,627.0
2024-11-23 03:00:00+00:00,20.0,19.0,734.0
2024-11-23 04:00:00+00:00,23.7,22.6,868.0
2024-11-23 05:00:00+00:00,27.4,26.1,1011.0
2024-11-23 06:00:00+00:00,29.8,28.5,1088.0
2024-11-23 07:00:00+00:00,33.5,32.1,1045.0
2024-11-23 08:00:00+00:00,37.8,36.4,936.0
2024-11-23 09:00:00+00:00,42.0,40.5,844.0
2024-11-23 10:00:00+00:00,44.4,42.7,796.0
2024-11-23 11:00:00+00:00,44.8,43.2,765.0
2024-11-23 12:00:00+00:00,45.5,44.6,756.0
2024-11-23 13:00:00+00:00,44.1,43.7,796.0
2024-11-23 14:00:00+00:00,43.4,43.2,858.0
2024-11-23 15:00:00+00:00,44.9,44.6,867.0
2024-11-23 16:00:00+00:00,45.8,45.1,766.0
2024-11-23 17:00:00+00:00,46.9,46.1,611.0
2024-11-23 18:00:00+00:00,44.0,42.5,495.0
2024-11-23 19:00:00+00:00,41.4,39.3,457.0
2024-11-23 20:00:00+00:00,41.9,39.8,458.0
2024-11-23 21:00:00+00:00,43.2,41.2,475.0
2024-11-23 22:00:00+00:00,41.9,40.0,503.0
2024-11-23 23:00:00+00:00,41.1,39.3,546.0
2024-11-24 00:00:00+00:00,44.0,43.7,597.0
2024-11-24 01:00:00+00:00,46.6,46.4,659.0
2024-11-24 02:00:00+00:00,49.0,48.9,728.0
2024-11-24 03:00:00+00:00,49.6,49.5,785.0
2024-11-24 04:00:00+00:00,50.2,50.1,836.0
2024-11-24 05:00:00+00:00,49.9,49.6,875.0
2024-11-24 06:00:00+00:00,49.9,49.2,868.0
2024-11-24 07:00:00+00:00,49.7,48.9,788.0
2024-11-24 08:00:00+00:00,49.9,48.9,661.0
2024-11-24 09:00:00+00:00,48.8,47.5,538.0
2024-11-24 10:00:00+00:00,54.0,52.4,419.0
2024-11-24 11:00:00+00:00,51.8,50.5,303.0
2024-11-24 12:00:00+00:00,39.7,37.7,237.0
2024-11-24 13:00:00+00:00,38.5,37.1,265.0
2024-11-24 14:00:00+00:00,35.4,34.7,344.0
2024-11-24 15:00:00+00:00,34.5,33.9,388.0
2024-11-24 16:00:00+00:00,33.2,32.6,354.0
2024-11-24 17:00:00+00:00,30.2,29.5,285.0
2024-11-24 18:00:00+00:00,25.2,24.5,227.0
2024-11-24 19:00:00+00:00,20.3,19.6,196.0
2024-11-24 20:00:00+00:00,16.5,15.8,177.0
2024-11-24 21:00:00+00:00,13.7,13.1,167.0
2024-11-24 22:00:00+00:00,12.6,11.6,161.0
2024-11-24 23:00:00+00:00,12.3,10.9,164.0
2024-11-25 00:00:00+00:00,11.3,11.2,190.0
2024-11-25 01:00:00+00:00,15.3,15.1,248.0
2024-11-25 02:00:00+00:00,20.4,19.8,329.0
2024-11-25 03:00:00+00:00,26.3,25.3,417.0
2024-11-25 04:00:00+00:00,33.1,31.9,512.0
2024-11-25 05:00:00+00:00,39.7,38.4,613.0
2024-11-25 06:00:00+00:00,46.9,45.6,705.0
2024-11-25 07:00:00+00:00,53.9,52.7,796.0
2024-11-25 08:00:00+00:00,58.8,57.6,877.0
2024-11-25 09:00:00+00:00,58.4,57.5,911.0
2024-11-25 10:00:00+00:00,54.2,53.6,857.0
2024-11-25 11:00:00+00:00,49.6,49.0,755.0
2024-11-25 12:00:00+00:00,39.7,39.6,688.0
2024-11-25 13:00:00+00:00,39.0,39.0,711.0
2024-11-25 14:00:00+00:00,41.3,41.3,770.0
2024-11-25 15:00:00+00:00,47.1,47.0,783.0
2024-11-25 16:00:00+00:00,47.7,47.5,704.0
2024-11-25 17:00:00+00:00,42.7,42.5,580.0
2024-11-25 18:00:00+00:00,39.2,38.9,465.0
2024-11-25 19:00:00+00:00,32.8,32.2,369.0
2024-11-25 20:00:00+00:00,28.6,27.8,283.0
2024-11-25 21:00:00+00:00,26.7,25.6,233.0
2024-11-25 22:00:00+00:00,26.3,25.3,237.0
2024-11-25 23:00:00+00:00,27.0,26.0,276.0
2024-11-26 00:00:00+00:00,13.5,12.7,321.0
2024-11-26 01:00:00+00:00,28.5,27.8,360.0
2024-11-26 02:00:00+00:00,39.2,38.4,405.0
2024-11-26 03:00:00+00:00,43.7,42.7,462.0
2024-11-26 04:00:00+00:00,45.6,44.7,548.0
2024-11-26 05:00:00+00:00,44.0,43.1,646.0
2024-11-26 06:00:00+00:00,41.0,39.9,710.0
2024-11-26 07:00:00+00:00,38.4,37.6,717.0
2024-11-26 08:00:00+00:00,36.2,35.4,689.0
2024-11-26 09:00:00+00:00,35.7,34.9,653.0
2024-11-26 10:00:00+00:00,35.3,34.5,602.0
2024-11-26 11:00:00+00:00,34.0,33.3,542.0
2024-11-26 12:00:00+00:00,33.9,33.2,517.0
2024-11-26 13:00:00+00:00,32.7,32.0,567.0
2024-11-26 14:00:00+00:00,34.0,33.4,651.0
2024-11-26 15:00:00+00:00,38.3,37.7,696.0
2024-11-26 16:00:00+00:00,40.7,40.2,662.0
2024-11-26 17:00:00+00:00,42.0,41.4,588.0
2024-11-26 18:00:00+00:00,39.9,39.0,516.0
2024-11-26 19:00:00+00:00,33.3,32.4,448.0
2024-11-26 20:00:00+00:00,28.6,27.7,382.0
2024-11-26 21:00:00+00:00,26.1,25.3,348.0
2024-11-26 22:00:00+00:00,22.2,21.8,376.0
2024-11-26 23:00:00+00:00,23.4,23.2,437.0
2024-11-27 00:00:00+00:00,30.6,29.3,476.0
2024-11-27 01:00:00+00:00,35.0,34.3,466.0
2024-11-27 02:00:00+00:00,39.3,38.6,434.0
2024-11-27 03:00:00+00:00,41.0,40.3,404.0
2024-11-27 04:00:00+00:00,39.9,39.5,382.0
2024-11-27 05:00:00+00:00,35.0,34.7,362.0
2024-11-27 06:00:00+00:00,27.8,27.4,351.0
2024-11-27 07:00:00+00:00,25.0,24.7,361.0
2024-11-27 08:00:00+00:00,27.2,26.9,381.0
2024-11-27 09:00:00+00:00,28.3,28.0,381.0
2024-11-27 10:00:00+00:00,29.6,29.2,332.0
2024-11-27 11:00:00+00:00,31.8,31.4,264.0
2024-11-27 12:00:00+00:00,37.4,37.3,236.0
2024-11-27 13:00:00+00:00,37.7,37.5,296.0
2024-11-27 14:00:00+00:00,39.6,39.2,396.0
2024-11-27 15:00:00+00:00,45.8,45.4,447.0
2024-11-27 16:00:00+00:00,43.2,43.0,397.0
2024-11-27 17:00:00+00:00,30.6,30.4,299.0
2024-11-27 18:00:00+00:00,28.1,27.9,221.0
2024-11-27 19:00:00+00:00,26.3,26.1,191.0
2024-11-27 20:00:00+00:00,24.0,23.7,182.0
2024-11-27 21:00:00+00:00,21.0,20.8,181.0
2024-11-27 22:00:00+00:00,18.1,17.9,183.0
2024-11-27 23:00:00+00:00,14.9,14.7,193.0
2024-11-28 00:00:00+00:00,13.5,13.4,208.0
2024-11-28 01:00:00+00:00,15.3,15.1,229.0
2024-11-28 02:00:00+00:00,16.0,15.8,255.0
2024-11-28 03:00:00+00:00,16.5,16.4,281.0
2024-11-28 04:00:00+00:00,16.8,16.7,302.0
2024-11-28 05:00:00+00:00,17.6,17.5,323.0
2024-11-28 06:00:00+00:00,19.0,18.9,354.0
2024-11-28 07:00:00+00:00,21.6,21.5,419.0
2024-11-28 08:00:00+00:00,23.7,23.6,493.0
2024-11-28 09:00:00+00:00,22.2,22.1,519.0
2024-11-28 10:00:00+00:00,19.4,19.2,443.0
2024-11-28 11:00:00+00:00,16.6,16.3,318.0
2024-11-28 12:00:00+00:00,15.2,14.9,240.0
2024-11-28 13:00:00+00:00,13.4,13.1,268.0
2024-11-28 14:00:00+00:00,13.0,12.7,344.0
2024-11-28 15:00:00+00:00,14.5,14.2,392.0
2024-11-28 16:00:00+00:00,16.6,16.3,375.0
2024-11-28 17:00:00+00:00,18.5,17.9,331.0
2024-11-28 18:00:00+00:00,18.7,16.9,289.0
2024-11-28 19:00:00+00:00,16.1,13.8,258.0
2024-11-28 20:00:00+00:00,14.0,12.0,231.0
2024-11-28 21:00:00+00:00,12.4,10.8,216.0
2024-11-28 22:00:00+00:00,11.4,10.0,217.0
2024-11-28 23:00:00+00:00,10.9,9.7,230.0
2024-11-29 00:00:00+00:00,7.5,7.3,251.0
2024-11-29 01:00:00+00:00,10.3,10.2,287.0
2024-11-29 02:00:00+00:00,10.4,10.2,331.0
2024-11-29 03:00:00+00:00,10.7,10.5,355.0
2024-11-29 04:00:00+00:00,12.0,11.8,342.0
2024-11-29 05:00:00+00:00,13.3,13.1,310.0
2024-11-29 06:00:00+00:00,14.3,14.1,275.0
2024-11-29 07:00:00+00:00,14.6,14.5,242.0
2024-11-29 08:00:00+00:00,14.3,14.3,208.0
2024-11-29 09:00:00+00:00,13.6,13.5,181.0
2024-11-29 10:00:00+00:00,12.5,12.5,160.0
2024-11-29 11:00:00+00:00,11.3,11.2,147.0
2024-11-29 12:00:00+00:00,9.4,9.3,152.0
2024-11-29 13:00:00+00:00,8.9,8.7,189.0
2024-11-29 14:00:00+00:00,9.5,9.3,246.0
2024-11-29 15:00:00+00:00,11.8,11.7,294.0
2024-11-29 16:00:00+00:00,15.4,15.3,331.0
2024-11-29 17:00:00+00:00,20.9,20.8,361.0
2024-11-29 18:00:00+00:00,18.9,18.6,365.0
2024-11-29 19:00:00+00:00,16.2,15.5,320.0
2024-11-29 20:00:00+00:00,15.0,14.0,249.0
2024-11-29 21:00:00+00:00,14.3,13.3,205.0
2024-11-29 22:00:00+00:00,14.1,13.1,213.0
2024-11-29 23:00:00+00:00,14.1,13.2,247.0
2024-11-30 00:00:00+00:00,13.2,12.9,282.0
2024-11-30 01:00:00+00:00,18.7,18.4,314.0
2024-11-30 02:00:00+00:00,21.7,21.5,347.0
2024-11-30 03:00:00+00:00,22.8,22.6,363.0
2024-11-30 04:00:00+00:00,22.9,22.8,352.0
2024-11-30 05:00:00+00:00,22.2,22.1,325.0
2024-11-30 06:00:00+00:00,21.7,21.6,296.0
2024-11-30 07:00:00+00:00,20.5,20.5,268.0
2024-11-30 08:00:00+00:00,18.3,18.2,237.0
2024-11-30 09:00:00+00:00,15.9,15.8,209.0
2024-11-30 10:00:00+00:00,13.6,13.5,177.0
2024-11-30 11:00:00+00:00,11.4,11.3,149.0
2024-11-30 12:00:00+00:00,8.4,8.3,146.0
2024-11-30 13:00:00+00:00,7.8,7.7,193.0
2024-11-30 14:00:00+00:00,8.5,8.4,266.0
2024-11-30 15:00:00+00:00,11.1,11.0,320.0
2024-11-30 16:00:00+00:00,15.4,15.3,339.0
2024-11-30 17:00:00+00:00,18.7,18.7,339.0
2024-11-30 18:00:00+00:00,15.9,15.4,325.0
2024-11-30 19:00:00+00:00,15.0,14.1,283.0
2024-11-30 20:00:00+00:00,14.6,13.5,227.0
2024-11-30 21:00:00+00:00,14.9,13.9,201.0
2024-11-30 22:00:00+00:00,15.4,14.6,213.0
2024-11-30 23:00:00+00:00,16.6,16.1,256.0
2024-12-01 00:00:00+00:00,17.8,17.7,351.0
2024-12-01 01:00:00+00:00,22.6,22.4,542.0
2024-12-01 02:00:00+00:00,26.2,25.7,786.0
2024-12-01 03:00:00+00:00,28.6,28.0,969.0
2024-12-01 04:00:00+00:00,29.6,29.1,1040.0
2024-12-01 05:00:00+00:00,30.5,30.2,1052.0
2024-12-01 06:00:00+00:00,32.0,31.8,1049.0
2024-12-01 07:00:00+00:00,32.4,32.0,1057.0
2024-12-01 08:00:00+00:00,32.0,31.8,1050.0
2024-12-01 09:00:00+00:00,29.3,29.2,995.0
2024-12-01 10:00:00+00:00,26.6,26.6,848.0
2024-12-01 11:00:00+00:00,23.9,23.9,653.0
2024-12-01 12:00:00+00:00,15.1,15.0,505.0
2024-12-01 13:00:00+00:00,14.3,14.3,451.0
2024-12-01 14:00:00+00:00,15.1,15.1,443.0
2024-12-01 15:00:00+00:00,17.3,17.3,435.0
2024-12-01 16:00:00+00:00,19.8,19.7,411.0
2024-12-01 17:00:00+00:00,22.5,22.4,386.0
2024-12-01 18:00:00+00:00,18.3,17.9,366.0
2024-12-01 19:00:00+00:00,16.2,15.5,353.0
2024-12-01 20:00:00+00:00,17.3,16.1,345.0
2024-12-01 21:00:00+00:00,18.7,17.2,332.0
2024-12-01 22:00:00+00:00,19.6,17.6,293.0
2024-12-01 23:00:00+00:00,19.9,17.8,250.0
2024-12-02 00:00:00+00:00,14.6,13.3,263.0
2024-12-02 01:00:00+00:00,19.8,18.6,375.0
2024-12-02 02:00:00+00:00,23.2,21.9,542.0
2024-12-02 03:00:00+00:00,25.8,24.7,697.0
2024-12-02 04:00:00+00:00,29.0,28.2,826.0
2024-12-02 05:00:00+00:00,31.5,31.1,941.0
2024-12-02 06:00:00+00:00,34.6,34.2,1014.0
2024-12-02 07:00:00+00:00,43.1,42.6,1034.0
2024-12-02 08:00:00+00:00,47.1,46.8,1011.0
2024-12-02 09:00:00+00:00,48.8,48.4,948.0
2024-12-02 10:00:00+00:00,45.8,45.4,814.0
2024-12-02 11:00:00+00:00,39.8,39.5,640.0
2024-12-02 12:00:00+00:00,32.2,32.0,517.0
2024-12-02 13:00:00+00:00,28.9,28.8,502.0
2024-12-02 14:00:00+00:00,27.0,26.8,540.0
2024-12-02 15:00:00+00:00,26.8,26.8,554.0
2024-12-02 16:00:00+00:00,30.4,30.3,507.0
2024-12-02 17:00:00+00:00,32.4,32.2,438.0
2024-12-02 18:00:00+00:00,29.9,29.4,386.0
2024-12-02 19:00:00+00:00,25.2,24.7,372.0
2024-12-02 20:00:00+00:00,22.7,22.2,377.0
2024-12-02 21:00:00+00:00,20.5,20.3,380.0
2024-12-02 22:00:00+00:00,18.2,18.0,369.0
2024-12-02 23:00:00+00:00,16.1,15.8,357.0
2024-12-03 00:00:00+00:00,15.3,15.3,361.0
2024-12-03 01:00:00+00:00,19.3,19.3,381.0
2024-12-03 02:00:00+00:00,21.9,21.8,416.0
2024-12-03 03:00:00+00:00,24.2,24.1,484.0
2024-12-03 04:00:00+00:00,25.1,25.0,622.0
2024-12-03 05:00:00+00:00,24.1,23.6,793.0
2024-12-03 06:00:00+00:00,24.2,23.5,898.0
2024-12-03 07:00:00+00:00,26.5,25.6,885.0
2024-12-03 08:00:00+00:00,34.8,34.1,806.0
2024-12-03 09:00:00+00:00,38.8,38.3,721.0
2024-12-03 10:00:00+00:00,37.5,37.4,634.0
2024-12-03 11:00:00+00:00,33.6,33.6,540.0
2024-12-03 12:00:00+00:00,24.6,24.6,482.0
2024-12-03 13:00:00+00:00,22.4,22.3,490.0
2024-12-03 14:00:00+00:00,22.2,22.1,534.0
2024-12-03 15:00:00+00:00,25.5,25.4,561.0
2024-12-03 16:00:00+00:00,30.3,30.2,552.0
2024-12-03 17:00:00+00:00,33.3,33.2,527.0
2024-12-03 18:00:00+00:00,27.3,27.0,494.0
2024-12-03 19:00:00+00:00,23.9,23.2,449.0
2024-12-03 20:00:00+00:00,23.7,23.1,395.0
2024-12-03 21:00:00+00:00,23.3,22.8,356.0
2024-12-03 22:00:00+00:00,22.6,22.1,322.0
2024-12-03 23:00:00+00:00,21.9,21.5,302.0
2024-12-04 00:00:00+00:00,17.0,16.6,342.0
2024-12-04 01:00:00+00:00,20.9,20.6,490.0
2024-12-04 02:00:00+00:00,24.6,24.1,699.0
2024-12-04 03:00:00+00:00,28.5,27.7,872.0
2024-12-04 04:00:00+00:00,32.7,31.7,980.0
2024-12-04 05:00:00+00:00,37.8,36.6,1051.0
2024-12-04 06:00:00+00:00,41.4,39.9,1078.0
2024-12-04 07:00:00+00:00,43.9,42.1,1039.0
2024-12-04 08:00:00+00:00,45.9,44.0,956.0
2024-12-04 09:00:00+00:00,51.0,49.2,879.0
2024-12-04 10:00:00+00:00,52.5,50.9,825.0
2024-12-04 11:00:00+00:00,51.7,50.2,778.0
2024-12-04 12:00:00+00:00,43.8,43.2,743.0
2024-12-04 13:00:00+00:00,41.1,40.9,739.0
2024-12-04 14:00:00+00:00,41.3,41.1,746.0
2024-12-04 15:00:00+00:00,47.0,46.9,714.0
2024-12-04 16:00:00+00:00,54.7,54.6,596.0
2024-12-04 17:00:00+00:00,47.0,46.3,438.0
2024-12-04 18:00:00+00:00,36.7,34.7,326.0
2024-12-04 19:00:00+00:00,35.0,32.8,304.0
2024-12-04 20:00:00+00:00,33.8,31.5,328.0
2024-12-04 21:00:00+00:00,31.0,29.0,351.0
2024-12-04 22:00:00+00:00,27.4,25.8,348.0
2024-12-04 23:00:00+00:00,24.3,23.3,345.0
2024-12-05 00:00:00+00:00,23.7,22.8,374.0
2024-12-05 01:00:00+00:00,27.8,27.1,465.0
2024-12-05 02:00:00+00:00,31.4,30.9,589.0
2024-12-05 03:00:00+00:00,33.8,33.2,688.0
2024-12-05 04:00:00+00:00,34.2,33.8,735.0
2024-12-05 05:00:00+00:00,35.5,35.0,756.0
2024-12-05 06:00:00+00:00,37.8,37.3,776.0
2024-12-05 07:00:00+00:00,39.8,39.2,819.0
2024-12-05 08:00:00+00:00,40.7,40.3,861.0
2024-12-05 09:00:00+00:00,39.7,39.2,847.0
2024-12-05 10:00:00+00:00,38.1,37.7,724.0
2024-12-05 11:00:00+00:00,37.1,36.7,546.0
2024-12-05 12:00:00+00:00,37.0,36.7,423.0
2024-12-05 13:00:00+00:00,30.9,30.5,414.0
2024-12-05 14:00:00+00:00,29.5,29.2,461.0
2024-12-05 15:00:00+00:00,31.7,31.4,494.0
2024-12-05 16:00:00+00:00,32.0,31.8,490.0
2024-12-05 17:00:00+00:00,34.1,33.6,473.0
2024-12-05 18:00:00+00:00,30.4,29.6,450.0
2024-12-05 19:00:00+00:00,23.9,23.2,417.0
2024-12-05 20:00:00+00:00,22.2,21.5,377.0
2024-12-05 21:00:00+00:00,21.2,20.5,347.0
2024-12-05 22:00:00+00:00,20.5,19.7,317.0
2024-12-05 23:00:00+00:00,20.2,19.3,296.0
2024-12-06 00:00:00+00:00,29.5,28.9,328.0
2024-12-06 01:00:00+00:00,35.4,34.9,458.0
2024-12-06 02:00:00+00:00,38.0,37.4,641.0
2024-12-06 03:00:00+00:00,37.0,36.6,782.0
2024-12-06 04:00:00+00:00,37.6,37.1,848.0
2024-12-06 05:00:00+00:00,41.6,40.9,872.0
2024-12-06 06:00:00+00:00,48.8,48.1,856.0
2024-12-06 07:00:00+00:00,53.1,52.5,791.0
2024-12-06 08:00:00+00:00,47.0,46.6,685.0
2024-12-06 09:00:00+00:00,39.3,38.8,571.0
2024-12-06 10:00:00+00:00,32.8,32.4,433.0
2024-12-06 11:00:00+00:00,27.5,27.0,287.0
2024-12-06 12:00:00+00:00,21.2,20.8,207.0
2024-12-06 13:00:00+00:00,17.9,17.5,247.0
2024-12-06 14:00:00+00:00,16.8,16.4,354.0
2024-12-06 15:00:00+00:00,18.8,18.5,442.0
2024-12-06 16:00:00+00:00,21.5,21.2,482.0
2024-12-06 17:00:00+00:00,25.6,25.3,503.0
2024-12-06 18:00:00+00:00,25.6,25.1,504.0
2024-12-06 19:00:00+00:00,22.6,22.1,471.0
2024-12-06 20:00:00+00:00,20.1,19.6,417.0
2024-12-06 21:00:00+00:00,19.5,19.1,381.0
2024-12-06 22:00:00+00:00,20.2,19.9,367.0
2024-12-06 23:00:00+00:00,22.1,21.7,372.0
2024-12-07 00:00:00+00:00,31.4,30.9,416.0
2024-12-07 01:00:00+00:00,33.1,32.6,557.0
2024-12-07 02:00:00+00:00,31.5,31.2,738.0
2024-12-07 03:00:00+00:00,29.9,29.7,815.0
2024-12-07 04:00:00+00:00,28.9,28.8,687.0
2024-12-07 05:00:00+00:00,27.9,27.9,455.0
2024-12-07 06:00:00+00:00,27.4,27.4,278.0
2024-12-07 07:00:00+00:00,26.7,26.7,225.0
2024-12-07 08:00:00+00:00,24.4,24.4,227.0
2024-12-07 09:00:00+00:00,21.5,21.5,230.0
2024-12-07 10:00:00+00:00,18.6,18.5,210.0
2024-12-07 11:00:00+00:00,15.7,15.7,193.0
2024-12-07 12:00:00+00:00,12.3,12.3,198.0
2024-12-07 13:00:00+00:00,10.9,10.8,245.0
2024-12-07 14:00:00+00:00,11.1,11.1,315.0
2024-12-07 15:00:00+00:00,14.3,14.3,373.0
2024-12-07 16:00:00+00:00,18.6,18.6,416.0
2024-12-07 17:00:00+00:00,21.5,21.5,447.0
2024-12-07 18:00:00+00:00,24.9,24.9,446.0
2024-12-07 19:00:00+00:00,20.8,20.7,382.0
2024-12-07 20:00:00+00:00,20.0,19.8,285.0
2024-12-07 21:00:00+00:00,20.4,20.2,225.0
2024-12-07 22:00:00+00:00,21.0,20.7,214.0
2024-12-07 23:00:00+00:00,22.5,22.2,238.0
2024-12-08 00:00:00+00:00,29.4,28.9,329.0
2024-12-08 01:00:00+00:00,30.4,30.0,541.0
2024-12-08 02:00:00+00:00,31.2,31.0,818.0
2024-12-08 03:00:00+00:00,35.3,35.0,1029.0
2024-12-08 04:00:00+00:00,43.2,42.8,1129.0
2024-12-08 05:00:00+00:00,49.2,48.9,1162.0
2024-12-08 06:00:00+00:00,53.6,53.3,1125.0
2024-12-08 07:00:00+00:00,53.4,53.2,982.0
2024-12-08 08:00:00+00:00,50.1,49.9,768.0
2024-12-08 09:00:00+00:00,45.4,45.3,588.0
2024-12-08 10:00:00+00:00,41.0,40.9,476.0
2024-12-08 11:00:00+00:00,37.5,37.4,396.0
2024-12-08 12:00:00+00:00,32.2,32.1,349.0
2024-12-08 13:00:00+00:00,31.2,31.1,344.0
2024-12-08 14:00:00+00:00,31.8,31.7,371.0
2024-12-08 15:00:00+00:00,34.3,34.2,398.0
2024-12-08 16:00:00+00:00,35.6,35.5,422.0
2024-12-08 17:00:00+00:00,33.8,33.6,446.0
2024-12-08 18:00:00+00:00,32.1,32.0,451.0
2024-12-08 19:00:00+00:00,24.9,24.4,416.0
2024-12-08 20:00:00+00:00,22.4,21.3,361.0
2024-12-08 21:00:00+00:00,21.8,20.1,326.0
2024-12-08 22:00:00+00:00,22.2,20.1,326.0
2024-12-08 23:00:00+00:00,23.5,20.9,345.0
2024-12-09 00:00:00+00:00,23.9,21.7,374.0
2024-12-09 01:00:00+00:00,30.5,28.5,406.0
2024-12-09 02:00:00+00:00,40.7,38.6,447.0
2024-12-09 03:00:00+00:00,52.7,50.4,509.0
2024-12-09 04:00:00+00:00,61.5,58.9,618.0
2024-12-09 05:00:00+00:00,66.1,63.6,747.0
2024-12-09 06:00:00+00:00,66.1,63.8,829.0
2024-12-09 07:00:00+00:00,62.2,60.3,827.0
2024-12-09 08:00:00+00:00,57.0,55.6,778.0
2024-12-09 09:00:00+00:00,53.2,52.2,724.0
2024-12-09 10:00:00+00:00,50.3,49.7,673.0
2024-12-09 11:00:00+00:00,46.7,46.3,616.0
2024-12-09 12:00:00+00:00,42.0,40.4,571.0
2024-12-09 13:00:00+00:00,39.7,38.4,554.0
2024-12-09 14:00:00+00:00,39.7,38.8,549.0
2024-12-09 15:00:00+00:00,44.9,44.1,521.0
2024-12-09 16:00:00+00:00,48.9,48.1,443.0
2024-12-09 17:00:00+00:00,44.7,43.7,342.0
2024-12-09 18:00:00+00:00,39.0,36.3,270.0
2024-12-09 19:00:00+00:00,38.8,35.2,249.0
2024-12-09 20:00:00+00:00,37.8,34.3,257.0
2024-12-09 21:00:00+00:00,35.2,32.0,272.0
2024-12-09 22:00:00+00:00,31.5,28.8,271.0
2024-12-09 23:00:00+00:00,28.5,26.0,277.0
2024-12-10 00:00:00+00:00,20.1,18.9,340.0
2024-12-10 01:00:00+00:00,20.1,19.4,532.0
2024-12-10 02:00:00+00:00,18.9,18.6,782.0
2024-12-10 03:00:00+00:00,18.1,17.9,919.0
2024-12-10 04:00:00+00:00,15.4,15.4,845.0
2024-12-10 05:00:00+00:00,11.9,11.8,659.0
2024-12-10 06:00:00+00:00,9.6,9.5,490.0
2024-12-10 07:00:00+00:00,8.5,8.3,379.0
2024-12-10 08:00:00+00:00,7.3,7.1,284.0
2024-12-10 09:00:00+00:00,6.5,6.2,214.0
2024-12-10 10:00:00+00:00,6.2,5.8,168.0
2024-12-10 11:00:00+00:00,6.2,5.7,145.0
2024-12-10 12:00:00+00:00,5.7,5.2,154.0
2024-12-10 13:00:00+00:00,6.1,5.7,216.0
2024-12-10 14:00:00+00:00,7.5,7.0,308.0
2024-12-10 15:00:00+00:00,10.3,9.9,374.0
2024-12-10 16:00:00+00:00,13.0,12.6,388.0
2024-12-10 17:00:00+00:00,15.6,15.2,375.0
2024-12-10 18:00:00+00:00,15.4,14.5,352.0
2024-12-10 19:00:00+00:00,13.4,12.2,312.0
2024-12-10 20:00:00+00:00,11.2,9.9,262.0
2024-12-10 21:00:00+00:00,10.2,8.9,237.0
2024-12-10 22:00:00+00:00,9.7,8.3,259.0
2024-12-10 23:00:00+00:00,9.7,8.4,307.0
2024-12-11 00:00:00+00:00,11.9,11.1,355.0
2024-12-11 01:00:00+00:00,19.0,18.2,406.0
2024-12-11 02:00:00+00:00,22.6,21.9,458.0
2024-12-11 03:00:00+00:00,22.0,21.5,479.0
2024-12-11 04:00:00+00:00,20.7,20.4,448.0
2024-12-11 05:00:00+00:00,19.4,19.2,386.0
2024-12-11 06:00:00+00:00,17.9,17.8,329.0
2024-12-11 07:00:00+00:00,16.6,16.5,289.0
2024-12-11 08:00:00+00:00,15.2,15.1,254.0
2024-12-11 09:00:00+00:00,13.4,13.3,225.0
2024-12-11 10:00:00+00:00,11.4,11.2,197.0
2024-12-11 11:00:00+00:00,9.6,9.4,176.0
2024-12-11 12:00:00+00:00,7.2,7.0,178.0
2024-12-11 13:00:00+00:00,6.5,6.4,219.0
2024-12-11 14:00:00+00:00,7.2,7.1,284.0
2024-12-11 15:00:00+00:00,10.0,9.9,342.0
2024-12-11 16:00:00+00:00,13.4,13.3,392.0
2024-12-11 17:00:00+00:00,18.7,18.6,435.0
2024-12-11 18:00:00+00:00,19.7,19.4,445.0
2024-12-11 19:00:00+00:00,18.0,17.3,385.0
2024-12-11 20:00:00+00:00,17.4,16.6,291.0
2024-12-11 21:00:00+00:00,18.7,17.8,246.0
2024-12-11 22:00:00+00:00,23.4,22.2,302.0
2024-12-11 23:00:00+00:00,34.1,32.7,406.0
2024-12-12 00:00:00+00:00,51.6,49.9,480.0
2024-12-12 01:00:00+00:00,60.8,59.3,488.0
2024-12-12 02:00:00+00:00,59.8,58.6,465.0
2024-12-12 03:00:00+00:00,54.6,53.7,441.0
2024-12-12 04:00:00+00:00,49.1,48.4,425.0
2024-12-12 05:00:00+00:00,43.4,43.0,407.0
2024-12-12 06:00:00+00:00,36.1,35.9,386.0
2024-12-12 07:00:00+00:00,29.3,29.1,361.0
2024-12-12 08:00:00+00:00,24.6,24.4,332.0
2024-12-12 09:00:00+00:00,21.5,21.3,306.0
2024-12-12 10:00:00+00:00,18.7,18.5,272.0
2024-12-12 11:00:00+00:00,16.0,15.9,239.0
2024-12-12 12:00:00+00:00,13.7,13.6,242.0
2024-12-12 13:00:00+00:00,14.3,14.1,307.0
2024-12-12 14:00:00+00:00,17.0,16.8,408.0
2024-12-12 15:00:00+00:00,23.5,23.3,493.0
2024-12-12 16:00:00+00:00,31.8,31.5,550.0
2024-12-12 17:00:00+00:00,32.4,32.2,592.0
2024-12-12 18:00:00+00:00,32.7,32.7,606.0
2024-12-12 19:00:00+00:00,28.6,25.9,571.0
2024-12-12 20:00:00+00:00,28.2,25.0,508.0
2024-12-12 21:00:00+00:00,26.8,23.7,472.0
2024-12-12 22:00:00+00:00,26.0,23.2,479.0
2024-12-12 23:00:00+00:00,26.3,23.8,512.0
2024-12-13 00:00:00+00:00,19.7,17.7,574.0
2024-12-13 01:00:00+00:00,22.0,20.3,689.0
2024-12-13 02:00:00+00:00,25.4,24.2,833.0
2024-12-13 03:00:00+00:00,28.2,27.0,932.0
2024-12-13 04:00:00+00:00,30.5,29.1,949.0
2024-12-13 05:00:00+00:00,33.3,31.9,922.0
2024-12-13 06:00:00+00:00,35.0,33.6,889.0
2024-12-13 07:00:00+00:00,37.8,36.3,864.0
2024-12-13 08:00:00+00:00,41.6,40.2,833.0
2024-12-13 09:00:00+00:00,41.0,39.7,793.0
2024-12-13 10:00:00+00:00,41.7,40.3,733.0
2024-12-13 11:00:00+00:00,41.1,39.6,663.0
2024-12-13 12:00:00+00:00,32.8,31.4,610.0
2024-12-13 13:00:00+00:00,29.7,28.5,598.0
2024-12-13 14:00:00+00:00,31.1,29.9,602.0
2024-12-13 15:00:00+00:00,35.6,34.7,583.0
2024-12-13 16:00:00+00:00,40.4,39.8,511.0
2024-12-13 17:00:00+00:00,35.2,34.2,415.0
2024-12-13 18:00:00+00:00,28.0,26.3,338.0
2024-12-13 19:00:00+00:00,25.1,23.4,294.0
2024-12-13 20:00:00+00:00,25.0,23.5,268.0
2024-12-13 21:00:00+00:00,25.2,23.9,259.0
2024-12-13 22:00:00+00:00,25.4,24.2,249.0
2024-12-13 23:00:00+00:00,26.3,25.2,255.0
2024-12-14 00:00:00+00:00,16.5,15.0,326.0
2024-12-14 01:00:00+00:00,19.4,18.3,520.0
2024-12-14 02:00:00+00:00,23.1,22.6,781.0
2024-12-14 03:00:00+00:00,28.6,28.5,983.0
2024-12-14 04:00:00+00:00,35.2,34.9,1085.0
2024-12-14 05:00:00+00:00,40.5,40.4,1130.0
2024-12-14 06:00:00+00:00,43.5,43.4,1122.0
2024-12-14 07:00:00+00:00,41.8,41.7,1030.0
2024-12-14 08:00:00+00:00,37.8,37.7,884.0
2024-12-14 09:00:00+00:00,36.6,36.4,784.0
2024-12-14 10:00:00+00:00,39.7,39.6,776.0
2024-12-14 11:00:00+00:00,42.4,42.3,812.0
2024-12-14 12:00:00+00:00,44.5,44.1,853.0
2024-12-14 13:00:00+00:00,44.1,43.2,906.0
2024-12-14 14:00:00+00:00,43.7,42.8,963.0
2024-12-14 15:00:00+00:00,45.3,44.5,958.0
2024-12-14 16:00:00+00:00,42.7,41.9,838.0
2024-12-14 17:00:00+00:00,40.6,39.8,655.0
2024-12-14 18:00:00+00:00,36.3,34.8,503.0
2024-12-14 19:00:00+00:00,31.0,29.4,418.0
2024-12-14 20:00:00+00:00,25.7,23.5,363.0
2024-12-14 21:00:00+00:00,25.6,21.8,318.0
2024-12-14 22:00:00+00:00,23.9,19.8,268.0
2024-12-14 23:00:00+00:00,24.5,20.0,229.0
2024-12-15 00:00:00+00:00,29.5,24.3,225.0
2024-12-15 01:00:00+00:00,29.9,25.8,286.0
2024-12-15 02:00:00+00:00,31.7,28.0,382.0
2024-12-15 03:00:00+00:00,33.1,29.7,456.0
2024-12-15 04:00:00+00:00,33.6,30.5,485.0
2024-12-15 05:00:00+00:00,35.0,31.9,491.0
2024-12-15 06:00:00+00:00,38.5,33.4,484.0
2024-12-15 07:00:00+00:00,41.4,34.8,465.0
2024-12-15 08:00:00+00:00,41.7,35.5,432.0
2024-12-15 09:00:00+00:00,40.0,34.8,390.0
2024-12-15 10:00:00+00:00,37.5,32.8,326.0
2024-12-15 11:00:00+00:00,33.6,29.7,252.0
2024-12-15 12:00:00+00:00,39.0,37.1,214.0
2024-12-15 13:00:00+00:00,35.3,33.3,246.0
2024-12-15 14:00:00+00:00,32.7,30.7,313.0
2024-12-15 15:00:00+00:00,32.1,30.6,359.0
2024-12-15 16:00:00+00:00,32.1,30.4,359.0
2024-12-15 17:00:00+00:00,29.3,27.2,338.0
2024-12-15 18:00:00+00:00,25.7,22.7,311.0
2024-12-15 19:00:00+00:00,24.8,21.1,278.0
2024-12-15 20:00:00+00:00,24.3,20.4,240.0
2024-12-15 21:00:00+00:00,22.6,18.9,217.0
2024-12-15 22:00:00+00:00,22.2,18.3,213.0
2024-12-15 23:00:00+00:00,22.1,17.9,223.0
2024-12-16 00:00:00+00:00,17.3,15.5,255.0
2024-12-16 01:00:00+00:00,20.8,18.7,322.0
2024-12-16 02:00:00+00:00,21.8,19.6,412.0
2024-12-16 03:00:00+00:00,20.1,18.4,492.0
2024-12-16 04:00:00+00:00,19.8,18.7,568.0
2024-12-16 05:00:00+00:00,21.7,21.0,635.0
2024-12-16 06:00:00+00:00,23.9,23.5,647.0
2024-12-16 07:00:00+00:00,24.9,24.6,560.0
2024-12-16 08:00:00+00:00,24.6,24.3,417.0
2024-12-16 09:00:00+00:00,22.8,22.6,302.0
2024-12-16 10:00:00+00:00,20.2,20.1,245.0
2024-12-16 11:00:00+00:00,17.6,17.5,216.0
2024-12-16 12:00:00+00:00,13.9,13.7,210.0
2024-12-16 13:00:00+00:00,13.0,13.0,233.0
2024-12-16 14:00:00+00:00,13.5,13.4,278.0
2024-12-16 15:00:00+00:00,16.6,16.5,324.0
2024-12-16 16:00:00+00:00,20.0,20.0,372.0
2024-12-16 17:00:00+00:00,24.9,24.6,420.0
2024-12-16 18:00:00+00:00,25.6,25.2,437.0
2024-12-16 19:00:00+00:00,19.9,19.4,398.0
2024-12-16 20:00:00+00:00,15.7,15.0,329.0
2024-12-16 21:00:00+00:00,14.3,13.5,274.0
2024-12-16 22:00:00+00:00,13.5,12.6,240.0
2024-12-16 23:00:00+00:00,12.9,11.9,221.0
2024-12-17 00:00:00+00:00,11.7,11.3,245.0
2024-12-17 01:00:00+00:00,14.3,13.8,346.0
2024-12-17 02:00:00+00:00,21.8,21.3,489.0
2024-12-17 03:00:00+00:00,31.4,30.9,601.0
2024-12-17 04:00:00+00:00,38.4,37.8,644.0
2024-12-17 05:00:00+00:00,42.3,41.6,656.0
2024-12-17 06:00:00+00:00,45.3,44.6,669.0
2024-12-17 07:00:00+00:00,48.7,48.1,709.0
2024-12-17 08:00:00+00:00,47.6,46.9,751.0
2024-12-17 09:00:00+00:00,44.1,43.5,753.0
2024-12-17 10:00:00+00:00,41.3,40.6,676.0
2024-12-17 11:00:00+00:00,37.8,37.3,558.0
2024-12-17 12:00:00+00:00,31.9,31.3,474.0
2024-12-17 13:00:00+00:00,28.9,28.2,461.0
2024-12-17 14:00:00+00:00,27.8,27.0,482.0
2024-12-17 15:00:00+00:00,29.0,28.2,501.0
2024-12-17 16:00:00+00:00,30.9,30.2,511.0
2024-12-17 17:00:00+00:00,32.5,31.8,518.0
2024-12-17 18:00:00+00:00,30.3,29.1,505.0
2024-12-17 19:00:00+00:00,25.4,24.0,452.0
2024-12-17 20:00:00+00:00,22.0,20.8,378.0
2024-12-17 21:00:00+00:00,21.0,19.9,325.0
2024-12-17 22:00:00+00:00,20.5,19.7,316.0
2024-12-17 23:00:00+00:00,21.4,20.7,328.0
2024-12-18 00:00:00+00:00,23.1,22.6,333.0
2024-12-18 01:00:00+00:00,22.8,22.4,320.0
2024-12-18 02:00:00+00:00,20.8,20.7,301.0
2024-12-18 03:00:00+00:00,17.8,17.7,280.0
2024-12-18 04:00:00+00:00,14.2,14.1,256.0
2024-12-18 05:00:00+00:00,12.4,12.3,230.0
2024-12-18 06:00:00+00:00,11.7,11.6,211.0
2024-12-18 07:00:00+00:00,11.0,10.9,205.0
2024-12-18 08:00:00+00:00,10.0,9.9,206.0
2024-12-18 09:00:00+00:00,9.0,8.8,205.0
2024-12-18 10:00:00+00:00,8.3,8.1,191.0
2024-12-18 11:00:00+00:00,7.7,7.6,174.0
2024-12-18 12:00:00+00:00,7.2,7.0,179.0
2024-12-18 13:00:00+00:00,7.7,7.5,224.0
2024-12-18 14:00:00+00:00,9.1,9.0,291.0
2024-12-18 15:00:00+00:00,12.4,12.3,347.0
2024-12-18 16:00:00+00:00,16.3,16.1,388.0
2024-12-18 17:00:00+00:00,21.4,21.4,418.0
2024-12-18 18:00:00+00:00,23.2,23.1,415.0
2024-12-18 19:00:00+00:00,20.4,20.1,347.0
2024-12-18 20:00:00+00:00,18.6,18.3,246.0
2024-12-18 21:00:00+00:00,18.7,18.5,188.0
2024-12-18 22:00:00+00:00,20.1,19.9,198.0
2024-12-18 23:00:00+00:00,23.2,23.0,250.0
2024-12-19 00:00:00+00:00,31.8,31.5,341.0
2024-12-19 01:00:00+00:00,39.7,39.3,518.0
2024-12-19 02:00:00+00:00,41.4,41.2,734.0
2024-12-19 03:00:00+00:00,39.9,39.7,838.0
2024-12-19 04:00:00+00:00,38.2,38.1,727.0
2024-12-19 05:00:00+00:00,36.0,35.9,503.0
2024-12-19 06:00:00+00:00,33.4,33.4,331.0
2024-12-19 07:00:00+00:00,30.6,30.6,281.0
2024-12-19 08:00:00+00:00,27.2,27.1,281.0
2024-12-19 09:00:00+00:00,23.9,23.9,279.0
2024-12-19 10:00:00+00:00,21.4,21.3,248.0
2024-12-19 11:00:00+00:00,19.1,19.0,215.0
2024-12-19 12:00:00+00:00,15.9,15.8,207.0
2024-12-19 13:00:00+00:00,14.8,14.7,242.0
2024-12-19 14:00:00+00:00,15.1,15.1,301.0
2024-12-19 15:00:00+00:00,17.9,17.9,359.0
2024-12-19 16:00:00+00:00,21.7,21.7,418.0
2024-12-19 17:00:00+00:00,26.1,26.0,477.0
2024-12-19 18:00:00+00:00,27.0,27.0,499.0
2024-12-19 19:00:00+00:00,23.5,23.3,453.0
2024-12-19 20:00:00+00:00,19.6,19.3,371.0
2024-12-19 21:00:00+00:00,19.3,18.9,318.0
2024-12-19 22:00:00+00:00,20.2,19.5,315.0
2024-12-19 23:00:00+00:00,20.6,19.7,342.0
2024-12-20 00:00:00+00:00,18.6,17.2,403.0
2024-12-20 01:00:00+00:00,21.6,20.3,521.0
2024-12-20 02:00:00+00:00,28.8,27.4,674.0
2024-12-20 03:00:00+00:00,36.3,34.9,799.0
2024-12-20 04:00:00+00:00,44.1,42.7,873.0
2024-12-20 05:00:00+00:00,51.2,49.7,920.0
2024-12-20 06:00:00+00:00,53.9,52.5,946.0
2024-12-20 07:00:00+00:00,53.9,52.6,953.0
2024-12-20 08:00:00+00:00,53.0,51.9,939.0
2024-12-20 09:00:00+00:00,47.8,47.0,905.0
2024-12-20 10:00:00+00:00,43.4,42.8,839.0
2024-12-20 11:00:00+00:00,39.1,38.6,753.0
2024-12-20 12:00:00+00:00,23.1,23.1,689.0
2024-12-20 13:00:00+00:00,20.8,20.7,668.0
2024-12-20 14:00:00+00:00,20.7,20.7,670.0
2024-12-20 15:00:00+00:00,24.2,24.2,671.0
2024-12-20 16:00:00+00:00,29.6,29.5,669.0
2024-12-20 17:00:00+00:00,33.1,32.7,668.0
2024-12-20 18:00:00+00:00,32.0,31.4,649.0
2024-12-20 19:00:00+00:00,26.3,25.4,597.0
2024-12-20 20:00:00+00:00,25.6,24.6,528.0
2024-12-20 21:00:00+00:00,25.3,24.1,478.0
2024-12-20 22:00:00+00:00,24.4,23.2,457.0
2024-12-20 23:00:00+00:00,23.3,22.0,455.0
2024-12-21 00:00:00+00:00,15.5,15.2,476.0
2024-12-21 01:00:00+00:00,17.8,17.5,523.0
2024-12-21 02:00:00+00:00,20.8,20.5,592.0
2024-12-21 03:00:00+00:00,25.2,24.9,677.0
2024-12-21 04:00:00+00:00,29.6,29.1,790.0
2024-12-21 05:00:00+00:00,32.7,32.1,919.0
2024-12-21 06:00:00+00:00,37.4,36.7,1022.0
2024-12-21 07:00:00+00:00,39.5,38.6,1097.0
2024-12-21 08:00:00+00:00,32.5,31.7,1146.0
2024-12-21 09:00:00+00:00,26.3,25.4,1134.0
2024-12-21 10:00:00+00:00,26.5,25.1,1011.0
2024-12-21 11:00:00+00:00,27.7,26.3,828.0
2024-12-21 12:00:00+00:00,44.5,44.0,698.0
2024-12-21 13:00:00+00:00,41.8,41.3,685.0
2024-12-21 14:00:00+00:00,41.6,41.2,725.0
2024-12-21 15:00:00+00:00,46.9,46.4,746.0
2024-12-21 16:00:00+00:00,53.2,52.7,719.0
2024-12-21 17:00:00+00:00,51.8,51.0,672.0
2024-12-21 18:00:00+00:00,36.6,35.3,615.0
2024-12-21 19:00:00+00:00,27.2,25.0,543.0
2024-12-21 20:00:00+00:00,23.2,20.5,460.0
2024-12-21 21:00:00+00:00,19.8,17.2,389.0
2024-12-21 22:00:00+00:00,17.3,14.8,326.0
2024-12-21 23:00:00+00:00,15.8,13.4,275.0
2024-12-22 00:00:00+00:00,15.1,13.8,272.0
2024-12-22 01:00:00+00:00,16.8,16.1,348.0
2024-12-22 02:00:00+00:00,18.7,18.2,471.0
2024-12-22 03:00:00+00:00,21.1,20.7,585.0
2024-12-22 04:00:00+00:00,24.7,24.4,674.0
2024-12-22 05:00:00+00:00,29.7,29.5,754.0
2024-12-22 06:00:00+00:00,33.3,33.2,812.0
2024-12-22 07:00:00+00:00,33.1,32.9,847.0
2024-12-22 08:00:00+00:00,34.2,34.0,860.0
2024-12-22 09:00:00+00:00,34.0,33.8,843.0
2024-12-22 10:00:00+00:00,31.0,30.7,770.0
2024-12-22 11:00:00+00:00,27.6,27.4,666.0
2024-12-22 12:00:00+00:00,35.0,34.7,606.0
2024-12-22 13:00:00+00:00,32.6,32.2,639.0
2024-12-22 14:00:00+00:00,33.5,33.1,715.0
2024-12-22 15:00:00+00:00,41.0,40.4,756.0
2024-12-22 16:00:00+00:00,50.5,50.1,724.0
2024-12-22 17:00:00+00:00,47.3,46.7,656.0
2024-12-22 18:00:00+00:00,32.2,30.7,585.0
2024-12-22 19:00:00+00:00,26.9,25.3,513.0
2024-12-22 20:00:00+00:00,25.1,23.6,437.0
2024-12-22 21:00:00+00:00,23.4,21.9,381.0
2024-12-22 22:00:00+00:00,21.1,19.8,343.0
2024-12-22 23:00:00+00:00,19.1,17.9,325.0
2024-12-23 00:00:00+00:00,21.2,20.4,355.0
2024-12-23 01:00:00+00:00,26.6,26.1,477.0
2024-12-23 02:00:00+00:00,42.6,42.1,647.0
2024-12-23 03:00:00+00:00,51.3,50.8,767.0
2024-12-23 04:00:00+00:00,61.0,60.5,790.0
2024-12-23 05:00:00+00:00,67.3,66.8,763.0
2024-12-23 06:00:00+00:00,71.2,70.8,722.0
2024-12-23 07:00:00+00:00,71.5,71.0,669.0
2024-12-23 08:00:00+00:00,69.6,69.2,603.0
2024-12-23 09:00:00+00:00,62.6,62.2,553.0
2024-12-23 10:00:00+00:00,57.9,57.4,536.0
2024-12-23 11:00:00+00:00,53.2,52.9,536.0
2024-12-23 12:00:00+00:00,36.7,36.4,529.0
2024-12-23 13:00:00+00:00,34.3,34.1,508.0
2024-12-23 14:00:00+00:00,32.7,32.4,480.0
2024-12-23 15:00:00+00:00,36.7,36.3,450.0
2024-12-23 16:00:00+00:00,49.0,48.5,415.0
2024-12-23 17:00:00+00:00,41.2,40.9,377.0
2024-12-23 18:00:00+00:00,34.6,34.1,349.0
2024-12-23 19:00:00+00:00,32.6,31.9,338.0
2024-12-23 20:00:00+00:00,31.0,30.4,338.0
2024-12-23 21:00:00+00:00,29.3,28.8,340.0
2024-12-23 22:00:00+00:00,28.1,27.6,321.0
2024-12-23 23:00:00+00:00,27.8,27.4,304.0
2024-12-24 00:00:00+00:00,36.4,35.3,350.0
2024-12-24 01:00:00+00:00,38.3,37.5,520.0
2024-12-24 02:00:00+00:00,36.4,35.6,752.0
2024-12-24 03:00:00+00:00,37.4,36.7,930.0
2024-12-24 04:00:00+00:00,43.8,43.0,997.0
2024-12-24 05:00:00+00:00,50.4,49.7,1008.0
2024-12-24 06:00:00+00:00,59.5,58.8,1013.0
2024-12-24 07:00:00+00:00,61.7,61.0,1036.0
2024-12-24 08:00:00+00:00,59.3,58.6,1052.0
2024-12-24 09:00:00+00:00,59.1,58.4,1037.0
2024-12-24 10:00:00+00:00,59.1,58.6,959.0
2024-12-24 11:00:00+00:00,52.4,51.9,849.0
2024-12-24 12:00:00+00:00,43.9,43.5,781.0
2024-12-24 13:00:00+00:00,39.2,38.9,809.0
2024-12-24 14:00:00+00:00,37.0,36.6,879.0
2024-12-24 15:00:00+00:00,44.1,43.7,897.0
2024-12-24 16:00:00+00:00,55.9,55.5,810.0
2024-12-24 17:00:00+00:00,53.8,53.4,672.0
2024-12-24 18:00:00+00:00,35.6,35.0,548.0
2024-12-24 19:00:00+00:00,29.3,28.5,461.0
2024-12-24 20:00:00+00:00,28.6,27.7,389.0
2024-12-24 21:00:00+00:00,24.2,23.2,327.0
2024-12-24 22:00:00+00:00,18.4,17.5,265.0
2024-12-24 23:00:00+00:00,16.1,15.1,214.0
2024-12-25 00:00:00+00:00,9.3,8.7,203.0
2024-12-25 01:00:00+00:00,12.6,12.1,273.0
2024-12-25 02:00:00+00:00,20.1,19.6,382.0
2024-12-25 03:00:00+00:00,24.2,23.6,435.0
2024-12-25 04:00:00+00:00,21.9,21.3,369.0
2024-12-25 05:00:00+00:00,21.5,20.9,246.0
2024-12-25 06:00:00+00:00,22.2,21.5,154.0
2024-12-25 07:00:00+00:00,24.3,23.6,132.0
2024-12-25 08:00:00+00:00,25.7,25.1,140.0
2024-12-25 09:00:00+00:00,24.2,23.7,149.0
2024-12-25 10:00:00+00:00,21.7,21.2,146.0
2024-12-25 11:00:00+00:00,18.5,18.1,144.0
2024-12-25 12:00:00+00:00,20.2,19.8,150.0
2024-12-25 13:00:00+00:00,16.9,16.6,170.0
2024-12-25 14:00:00+00:00,16.3,15.9,197.0
2024-12-25 15:00:00+00:00,19.1,18.7,221.0
2024-12-25 16:00:00+00:00,23.3,22.9,240.0
2024-12-25 17:00:00+00:00,24.1,23.6,255.0
2024-12-25 18:00:00+00:00,20.2,19.0,261.0
2024-12-25 19:00:00+00:00,18.3,16.4,250.0
2024-12-25 20:00:00+00:00,17.6,15.5,230.0
2024-12-25 21:00:00+00:00,17.3,15.3,218.0
2024-12-25 22:00:00+00:00,16.6,14.8,219.0
2024-12-25 23:00:00+00:00,15.3,13.6,229.0
2024-12-26 00:00:00+00:00,21.7,19.3,253.0
2024-12-26 01:00:00+00:00,23.3,21.5,312.0
2024-12-26 02:00:00+00:00,22.8,21.2,386.0
2024-12-26 03:00:00+00:00,20.7,19.4,422.0
2024-12-26 04:00:00+00:00,19.3,18.4,383.0
2024-12-26 05:00:00+00:00,19.8,18.9,305.0
2024-12-26 06:00:00+00:00,21.3,20.5,249.0
2024-12-26 07:00:00+00:00,22.3,21.7,242.0
2024-12-26 08:00:00+00:00,21.1,20.8,257.0
2024-12-26 09:00:00+00:00,20.2,19.9,264.0
2024-12-26 10:00:00+00:00,19.7,19.4,244.0
2024-12-26 11:00:00+00:00,17.9,17.6,217.0
2024-12-26 12:00:00+00:00,20.4,20.3,214.0
2024-12-26 13:00:00+00:00,18.3,18.2,261.0
2024-12-26 14:00:00+00:00,17.1,17.0,332.0
2024-12-26 15:00:00+00:00,18.7,18.5,383.0
2024-12-26 16:00:00+00:00,22.9,22.8,394.0
2024-12-26 17:00:00+00:00,26.8,26.6,384.0
2024-12-26 18:00:00+00:00,21.7,20.9,373.0
2024-12-26 19:00:00+00:00,19.1,17.8,364.0
2024-12-26 20:00:00+00:00,19.7,18.4,354.0
2024-12-26 21:00:00+00:00,20.5,19.4,344.0
2024-12-26 22:00:00+00:00,20.2,19.3,314.0
2024-12-26 23:00:00+00:00,19.4,18.6,284.0
2024-12-27 00:00:00+00:00,19.2,18.4,324.0
2024-12-27 01:00:00+00:00,29.3,28.9,501.0
2024-12-27 02:00:00+00:00,43.3,43.0,746.0
2024-12-27 03:00:00+00:00,52.0,51.7,924.0
2024-12-27 04:00:00+00:00,63.1,62.4,970.0
2024-12-27 05:00:00+00:00,70.5,69.4,948.0
2024-12-27 06:00:00+00:00,73.8,72.6,918.0
2024-12-27 07:00:00+00:00,78.2,76.8,903.0
2024-12-27 08:00:00+00:00,76.8,75.4,878.0
2024-12-27 09:00:00+00:00,70.8,68.9,832.0
2024-12-27 10:00:00+00:00,69.4,67.5,742.0
2024-12-27 11:00:00+00:00,67.3,65.4,630.0
2024-12-27 12:00:00+00:00,63.1,61.5,547.0
2024-12-27 13:00:00+00:00,63.8,61.7,525.0
2024-12-27 14:00:00+00:00,62.2,60.3,533.0
2024-12-27 15:00:00+00:00,66.6,64.7,523.0
2024-12-27 16:00:00+00:00,71.2,69.4,470.0
2024-12-27 17:00:00+00:00,59.5,57.7,400.0
2024-12-27 18:00:00+00:00,46.9,45.1,344.0
2024-12-27 19:00:00+00:00,41.9,39.8,315.0
2024-12-27 20:00:00+00:00,36.1,34.2,302.0
2024-12-27 21:00:00+00:00,31.1,29.3,296.0
2024-12-27 22:00:00+00:00,28.8,27.0,276.0
2024-12-27 23:00:00+00:00,29.2,27.4,265.0
2024-12-28 00:00:00+00:00,30.6,30.0,324.0
2024-12-28 01:00:00+00:00,31.3,30.0,526.0
2024-12-28 02:00:00+00:00,33.3,32.1,798.0
2024-12-28 03:00:00+00:00,36.1,34.8,990.0
2024-12-28 04:00:00+00:00,37.6,36.3,1038.0
2024-12-28 05:00:00+00:00,41.2,39.9,1006.0
2024-12-28 06:00:00+00:00,47.5,46.2,931.0
2024-12-28 07:00:00+00:00,56.3,54.9,798.0
2024-12-28 08:00:00+00:00,61.5,60.1,623.0
2024-12-28 09:00:00+00:00,61.7,60.3,489.0
2024-12-28 10:00:00+00:00,61.0,59.5,434.0
2024-12-28 11:00:00+00:00,60.1,58.7,420.0
2024-12-28 12:00:00+00:00,44.6,44.1,415.0
2024-12-28 13:00:00+00:00,41.8,41.3,411.0
2024-12-28 14:00:00+00:00,40.9,40.3,415.0
2024-12-28 15:00:00+00:00,45.9,45.3,420.0
2024-12-28 16:00:00+00:00,54.0,53.4,428.0
2024-12-28 17:00:00+00:00,48.5,47.7,436.0
2024-12-28 18:00:00+00:00,33.8,32.2,431.0
2024-12-28 19:00:00+00:00,30.5,28.9,396.0
2024-12-28 20:00:00+00:00,27.8,26.3,348.0
2024-12-28 21:00:00+00:00,25.1,23.7,316.0
2024-12-28 22:00:00+00:00,22.8,21.5,310.0
2024-12-28 23:00:00+00:00,21.5,20.0,321.0
2024-12-29 00:00:00+00:00,36.0,33.8,354.0
2024-12-29 01:00:00+00:00,37.4,36.1,429.0
2024-12-29 02:00:00+00:00,38.6,37.4,527.0
2024-12-29 03:00:00+00:00,42.7,41.2,596.0
2024-12-29 04:00:00+00:00,49.5,47.8,606.0
2024-12-29 05:00:00+00:00,56.9,55.4,588.0
2024-12-29 06:00:00+00:00,65.2,63.8,581.0
2024-12-29 07:00:00+00:00,69.6,68.5,603.0
2024-12-29 08:00:00+00:00,71.0,70.1,637.0
2024-12-29 09:00:00+00:00,67.1,66.4,668.0
2024-12-29 10:00:00+00:00,60.5,59.8,697.0
2024-12-29 11:00:00+00:00,54.2,53.8,723.0
2024-12-29 12:00:00+00:00,44.6,44.2,737.0
2024-12-29 13:00:00+00:00,41.2,40.7,733.0
2024-12-29 14:00:00+00:00,39.8,39.3,715.0
2024-12-29 15:00:00+00:00,44.2,43.8,690.0
2024-12-29 16:00:00+00:00,52.4,51.9,656.0
2024-12-29 17:00:00+00:00,50.1,49.6,613.0
2024-12-29 18:00:00+00:00,37.0,35.7,569.0
2024-12-29 19:00:00+00:00,34.3,33.1,526.0
2024-12-29 20:00:00+00:00,33.8,32.5,480.0
2024-12-29 21:00:00+00:00,30.7,29.6,433.0
2024-12-29 22:00:00+00:00,25.4,24.4,366.0
2024-12-29 23:00:00+00:00,21.4,20.5,296.0
2024-12-30 00:00:00+00:00,25.2,24.4,277.0
2024-12-30 01:00:00+00:00,26.3,25.7,353.0
2024-12-30 02:00:00+00:00,27.9,27.5,480.0
2024-12-30 03:00:00+00:00,30.5,30.3,578.0
2024-12-30 04:00:00+00:00,35.7,35.5,617.0
2024-12-30 05:00:00+00:00,36.0,35.5,628.0
2024-12-30 06:00:00+00:00,41.8,41.3,622.0
2024-12-30 07:00:00+00:00,47.1,46.6,597.0
2024-12-30 08:00:00+00:00,51.3,50.6,556.0
2024-12-30 09:00:00+00:00,53.9,53.1,518.0
2024-12-30 10:00:00+00:00,54.8,54.0,484.0
2024-12-30 11:00:00+00:00,54.4,53.6,453.0
2024-12-30 12:00:00+00:00,53.1,52.7,444.0
2024-12-30 13:00:00+00:00,50.8,50.5,477.0
2024-12-30 14:00:00+00:00,50.6,50.3,531.0
2024-12-30 15:00:00+00:00,54.7,54.4,561.0
2024-12-30 16:00:00+00:00,62.9,62.6,547.0
2024-12-30 17:00:00+00:00,50.5,50.1,509.0
2024-12-30 18:00:00+00:00,39.3,38.6,465.0
2024-12-30 19:00:00+00:00,34.3,33.4,410.0
2024-12-30 20:00:00+00:00,30.2,29.3,348.0
2024-12-30 21:00:00+00:00,26.4,25.6,312.0
2024-12-30 22:00:00+00:00,23.1,22.3,313.0
2024-12-30 23:00:00+00:00,19.9,19.1,340.0
2024-12-31 00:00:00+00:00,28.6,27.3,390.0
2024-12-31 01:00:00+00:00,31.5,30.5,470.0
2024-12-31 02:00:00+00:00,34.0,32.9,573.0
2024-12-31 03:00:00+00:00,34.6,33.6,677.0
2024-12-31 04:00:00+00:00,34.1,33.4,786.0
2024-12-31 05:00:00+00:00,35.2,34.7,896.0
2024-12-31 06:00:00+00:00,37.6,37.1,969.0
2024-12-31 07:00:00+00:00,41.3,41.0,1002.0
2024-12-31 08:00:00+00:00,44.1,43.8,999.0
2024-12-31 09:00:00+00:00,44.1,43.8,932.0
2024-12-31 10:00:00+00:00,41.6,41.4,747.0
2024-12-31 11:00:00+00:00,36.4,36.3,500.0
2024-12-31 12:00:00+00:00,40.0,39.8,324.0
2024-12-31 13:00:00+00:00,33.6,33.4,288.0
2024-12-31 14:00:00+00:00,28.5,28.4,324.0
2024-12-31 15:00:00+00:00,28.4,28.3,368.0
2024-12-31 16:00:00+00:00,30.7,30.6,405.0
2024-12-31 17:00:00+00:00,30.7,30.6,448.0
2024-12-31 18:00:00+00:00,27.9,27.5,477.0
2024-12-31 19:00:00+00:00,23.6,22.9,479.0
2024-12-31 20:00:00+00:00,22.4,21.5,466.0
2024-12-31 21:00:00+00:00,21.5,20.7,451.0
2024-12-31 22:00:00+00:00,20.7,20.0,437.0
2024-12-31 23:00:00+00:00,20.7,20.1,420.0
